<?xml version="1.0" encoding="UTF-8"?>
<document>
<type>mainstream</type>
<forum>http://www.theguardian.com/theguardian/2014/mar/05/mainsection/rss</forum>
<forum_title>The Guardian</forum_title>
<discussion_title>Yes, I&apos;ve had cancer, but no, I&apos;m not going to live like a Puritan | Mary Elizabeth Williams | Opinion</discussion_title>
<language>english</language>
<gmt_offset></gmt_offset>
<topic_url>https://www.theguardian.com/commentisfree/2016/sep/07/cancer-survivors-healthcare-lifestyle-choices-only-human</topic_url>
<topic_text>
T his shouldn’t come as a great surprise to those of us who’ve experienced cancer or know someone close who has, but new research on “lifestyle behaviors among US cancer survivors” appears to confirm it anyway: the side effects of surviving the disease do not include suddenly picking up a whole slew of positive new habits.
The expansive University of Oklahoma study, published in the Journal of Cancer Survivorship, drew upon 47,139 adult cancer survivors and 407,191 individuals with no cancer history, from every part of the country. The findings conclude that “US cancer survivors are not more likely than the general population to engage in … healthy lifestyle behaviors.” 
Do I really need &apos;the test&apos;? Too many tests could do patients more harm than good | Ranjana Srivastava Read more 
In other words, don’t look to us to be your role models. We are not – with the exception of a few prominent new age hucksters – lifestyle gurus. We are instead for the most part what we’ve always been: ordinary, fallible human beings.
As a nation overall, there’s plenty of room for improvement in the areas the the study examines: smoking, physical activity, alcohol consumption and nutrition. But there are compelling reasons for people who’ve experienced cancer in particular to raise the bar and make lifestyle adjustments. As the study’s authors report, “smoking cessation post-cancer treatment has been linked to a reduction in the risk of cancer progression among lung cancer survivors; a healthy, non-overweight, body mass index has been associated with improved survival among colorectal cancer patients.” Physical activity and other adjustments are associated with “improved health-related quality of life” for breast, prostate and colorectal cancer survivors. 
Yet roughly two thirds of the respondents, regardless of cancer history, were overweight or obese, and more than 80% of people in both groups said they consume fewer than the American Cancer Society’s recommended five daily servings of fruits and vegetables. And while the cancer survivors binge drink less than their counterparts, 4% more female survivors smoke than women who haven’t had cancer.
So why don’t people who’ve faced cancer do more to improve their odds? The study’s four authors don’t have easy answers, though they vaguely note “opportunities exist for clinicians to promote lifestyle changes that may improve the length and quality of life of their patients”. I’d wager some of the blame rests in basic human nature, and more in our culture, which focuses on fixing illness rather than establishing wellness. 
Lasting positive lifestyle habits are difficult to achieve – especially when, unlike while we’re in cancer treatment, we rarely have a supportive team of doctors and nurses to guide us on the journey. It’s also no doubt significant that fewer than 14% of the the cancer survivors surveyed were under age 44 – and half were age 65 or older. As a friend recently recalled about her partner’s late mother, “When I met her she had two great loves: gardening and smoking. By the time she died of lung cancer, it was just smoking.” 
The study, too, notably omits people who’ve had skin cancers from its findings. It also only asks respondents to identify as cancer survivors, not distinguishing the type or severity of the disease. Yet as a Stage 4 melanoma veteran who regularly forgets to wear a hat and is lax about reapplying sunscreen, I could have told you that surviving even a very serious cancer diagnosis doesn’t bestow a halo of optimal decision making on a person. I lead a pretty healthy lifestyle that features plenty of seasonal produce, but I no doubt fail the “five servings of fresh fruits and vegetables every single day” test. 
You don&apos;t need an extreme bucket list to find happiness. Just eat more waffles | Mary Elizabeth Williams Read more 
Cancer is not a standalone teachable moment. So it’s unsurprising that without education and reinforcement, people don’t readjust their behaviors. 
With more and more of us who’ve had cancer living longer past our initial diagnoses, we need to get real and face that we can be more vulnerable to future – and sometimes preventable – issues than non-survivors. But our current, deeply flawed healthcare system rarely takes into account the lives we lead outside of our hospitals. Our cancers are frequently regarded as finite and distinct experiences, rather than the start of a new way of living that requires consistent management. 
And while the default public discourse around cancer tends to incorrectly frame treating the disease as the “battle,” oftentimes, the more challenging health struggles are the same day-to-day ones we’ve always had, now with a sense that life is too brief to eschew treasured vices.
</topic_text>
<spam_score>0.00</spam_score>
<post_num>17</post_num>
<post_id>post-17</post_id>
<post_url>https://www.theguardian.com/commentisfree/2016/sep/07/cancer-survivors-healthcare-lifestyle-choices-only-human#comment-82770601</post_url>
<post_date>20160907</post_date>
<post_time>1921</post_time>
<username>John Smith</username>
<post>
Do puritans not get cancer?
</post>
<signature>

</signature>
<external_links>

</external_links>
<country>US</country>
<main_image>https://i.guim.co.uk/img/media/f77ef1a16342123281b4131108459bba9968de80/0_72_2500_1500/2500.jpg?w=1200&amp;amp;h=630&amp;amp;q=55&amp;amp;auto=format&amp;amp;usm=12&amp;amp;fit=crop&amp;amp;bm=normal&amp;amp;ba=bottom%2Cleft&amp;amp;blend64=aHR0cHM6Ly91cGxvYWRzLmd1aW0uY28udWsvMjAxNi8wNS8yNS9vdmVybGF5LWxvZ28tMTIwMC05MF9vcHQucG5n&amp;amp;s=3a425a24922e5f73893d89d657627b38</main_image>
</document>
