<?xml version="1.0" encoding="UTF-8"?>
<document>
<type>mainstream</type>
<forum>http://www.politico.com/news/hillary-clinton</forum>
<forum_title>Hillary Clinton: Latest News, Top Stories &amp;amp; Analysis - POLITICO</forum_title>
<discussion_title>Assange: Clinton leaks could come as early as next week - POLITICO</discussion_title>
<language>english</language>
<gmt_offset></gmt_offset>
<topic_url>http://www.politico.com/story/2016/09/julian-assange-clinton-leaks-could-come-as-early-as-next-week-227811</topic_url>
<topic_text>
WikiLeaks founder Julian Assange said leaks on Hillary Clinton and other American politicians are coming “reasonably soon” and that information “teases” could drop as early as the next couple weeks. “The first batch is reasonably soon. We are quite confident about it now,” Assange said on Fox News’ Hannity.
Story Continued Below
The WikiLeaks editor-in-chief opted not to provide specifics on a release, but added that the organization “might put out some teasers as early as the next week or the week after.”
In an August interview on the same network, Assange promised to leak “thousands” of document pages pertaining to Hillary Clinton, the Democratic National Committee and the presidential election, adding that he anticipated it would have a “significant” impact come November.
Assange promises to leak more on Clinton, Dems By Cristiano Lima
Democrats have reportedly feared for months that an information dump by the mysterious and ethically dubious international non-profit could cause waves in an increasingly nasty general election bout between Clinton and Donald Trump.
In the wake of a massive summer hacking breach of the DNC and the Democratic Congressional Campaign Committee, the threat of another release of damaging documents has loomed large in the minds of Democratic operatives.
Clinton, meanwhile, has sought to implicate Trump in a possible Russian plot to interfere with U.S. elections, a charge that has been similarly made to Assange and his organization. Both have denied said allegations.
</topic_text>
<spam_score>0.00</spam_score>
<post_num>25</post_num>
<post_id>post-25</post_id>
<post_url>http://www.politico.com/story/2016/09/julian-assange-clinton-leaks-could-come-as-early-as-next-week-227811</post_url>
<post_date>20160907</post_date>
<post_time>0423</post_time>
<username>Jeff Jester</username>
<post>
Jay Pallen you are a mental retarded .
</post>
<signature>

</signature>
<external_links>

</external_links>
<country>US</country>
<main_image>http://static.politico.com/15/c7/6bbeddf945d1b0196c0f72722d44/160906-julian-assange-getty-1160.jpg</main_image>
</document>
