<?xml version="1.0" encoding="UTF-8"?>
<document>
<type>mainstream</type>
<forum>http://elraaed.com/ara/feed/index.rss</forum>
<forum_title>يومية الرائد</forum_title>
<discussion_title>الجزائر ضمن 20 دولة الأكثر استيرادا للسلاح من بريطانيا</discussion_title>
<language>arabic</language>
<gmt_offset></gmt_offset>
<topic_url>http://elraaed.com/ara/watan/90208-%D8%A7%D9%84%D8%AC%D8%B2%D8%A7%D8%A6%D8%B1-%D8%B6%D9%85%D9%86-20-%D8%AF%D9%88%D9%84%D8%A9-%D8%A7%D9%84%D8%A3%D9%83%D8%AB%D8%B1-%D8%A7%D8%B3%D8%AA%D9%8A%D8%B1%D8%A7%D8%AF%D8%A7-%D9%84%D9%84%D8%B3%D9%84%D8%A7%D8%AD-%D9%85%D9%86-%D8%A8%D8%B1%D9%8A%D8%B7%D8%A7%D9%86%D9%8A%D8%A7.html</topic_url>
<topic_text>
0 

أظهر تقرير نشرته صحيفة &quot;الاندبندنت &quot;البريطانية أن المملكة المتحدة باعت أسلحة عسكرية بقيمة 23 مليار جنيه استرليني إلى بلدان في جميع أنحاء العالم بين شهري جانفي2011 ومارس 2016. 
وأضافت الصحيفة أن هذا المبلغ لا يشمل المواد ذات الاستخدام المزدوج العسكري والمدني، حيث جاءت المملكة العربية السعودية في المركز الأول لأكبر مستوردي السلاح من المملكة المتحدة بقيمة قاربت 7 ملايير جنيه إسترليني، فيما حلت الجزائر في المرتبة السابعة عشر بأكثر من 214 مليون جنيه استرليني خلال خمس سنوات. 
وضمت قائمة الدول العشرين الأكثر استيرادا للسلاح من المملكة المتحدة كل من المملكة العربية السعودية، تلتها فرنسا ثم أمركيا فيما حلت كل من إيطاليا، عمان، تركيا، ألمانيا والإمارات العربية المتحدة في مراتب متأخرة بينما حلت كل من قطر، مصر والصين في آخر الترتيب. 
محمد الأمين. ب
</topic_text>
<spam_score>0.00</spam_score>
<post_num>1</post_num>
<post_id>post-1</post_id>
<post_url>http://elraaed.com/ara/watan/90208-%D8%A7%D9%84%D8%AC%D8%B2%D8%A7%D8%A6%D8%B1-%D8%B6%D9%85%D9%86-20-%D8%AF%D9%88%D9%84%D8%A9-%D8%A7%D9%84%D8%A3%D9%83%D8%AB%D8%B1-%D8%A7%D8%B3%D8%AA%D9%8A%D8%B1%D8%A7%D8%AF%D8%A7-%D9%84%D9%84%D8%B3%D9%84%D8%A7%D8%AD-%D9%85%D9%86-%D8%A8%D8%B1%D9%8A%D8%B7%D8%A7%D9%86%D9%8A%D8%A7.html</post_url>
<post_date>20160907</post_date>
<post_time>2145</post_time>
<username></username>
<post>
0 

أظهر تقرير نشرته صحيفة &quot;الاندبندنت &quot;البريطانية أن المملكة المتحدة باعت أسلحة عسكرية بقيمة 23 مليار جنيه استرليني إلى بلدان في جميع أنحاء العالم بين شهري جانفي2011 ومارس 2016. 
وأضافت الصحيفة أن هذا المبلغ لا يشمل المواد ذات الاستخدام المزدوج العسكري والمدني، حيث جاءت المملكة العربية السعودية في المركز الأول لأكبر مستوردي السلاح من المملكة المتحدة بقيمة قاربت 7 ملايير جنيه إسترليني، فيما حلت الجزائر في المرتبة السابعة عشر بأكثر من 214 مليون جنيه استرليني خلال خمس سنوات. 
وضمت قائمة الدول العشرين الأكثر استيرادا للسلاح من المملكة المتحدة كل من المملكة العربية السعودية، تلتها فرنسا ثم أمركيا فيما حلت كل من إيطاليا، عمان، تركيا، ألمانيا والإمارات العربية المتحدة في مراتب متأخرة بينما حلت كل من قطر، مصر والصين في آخر الترتيب. 
محمد الأمين. ب
</post>
<signature>

</signature>
<external_links>

</external_links>
<country>FR</country>
<main_image></main_image>
</document>
