<?xml version="1.0" encoding="UTF-8"?>
<document>
<type>mainstream</type>
<forum>http://www.theguardian.com/theguardian/2014/mar/05/mainsection/rss</forum>
<forum_title>The Guardian</forum_title>
<discussion_title>BBC1&apos;s Panorama to get first female editor in 20 years | Media</discussion_title>
<language>english</language>
<gmt_offset></gmt_offset>
<topic_url>https://www.theguardian.com/media/2016/sep/07/bbc1s-panorama-first-female-editor-rachel-jupp</topic_url>
<topic_text>
Panorama is to get its first female editor in 20 years with the appointment of deputy Newsnight editor Rachel Jupp.
Jupp will take charge of the UK’s most watched current affairs programme immediately following what the BBC said was “open competition” for the role.
She is only the second woman to edit the show in its 63-year history. The first was Glenwyn Benson, who ran the programme for three years after being appointed in 1992.

Newsnight editor Ian Katz poached Jupp from Channel 4 News, where she was home news editor, when he took over the programme in 2013.
BBC news and current affairs director James Harding said: “Since joining the BBC from Channel 4 three years ago, Rachel has proved to be an outstanding deputy editor of Newsnight, bringing investigations, insight and great film-making to the programme. 
“She is a determined, thoughtful and courageous editor who I know will ensure that Panorama remains the pre-eminent place on British television for investigations and revelatory story-telling.”
Jupp said she was “incredibly excited” to be joining the programme. 
“I’ve watched and loved Panorama all my adult life, with its impressive record of breaking big stories. I’m looking forward to working with the hugely talented team to continue and to build on that record.”
BBC head of current affairs Joanna Carr said: “Panorama is the biggest beast in the current affairs jungle, and I’m delighted that we have appointed a journalist of Rachel’s calibre to this important position.”
Jupp replaces Ceri Thomas, who announced he was leaving to take on a communications and public affairs role at Oxford University in June. 
A former editor of Radio 4’s Today programme, Thomas had caused controversy when he said that most women presenters did not have the experience to cope with Today’s “incredibly difficult” environment.
</topic_text>
<spam_score>0.00</spam_score>
<post_num>5</post_num>
<post_id>post-5</post_id>
<post_url>https://www.theguardian.com/media/2016/sep/07/bbc1s-panorama-first-female-editor-rachel-jupp#comment-82764558</post_url>
<post_date>20160907</post_date>
<post_time>1731</post_time>
<username>PerfumedPonce</username>
<post>
Good for diversity. 
Assuming she is not public school and Oxbridge I suppose.
</post>
<signature>

</signature>
<external_links>

</external_links>
<country>US</country>
<main_image>https://i.guim.co.uk/img/media/c85c422ca4fa160297e252876935ee5229ffd2ef/0_238_1330_797/1330.jpg?w=1200&amp;amp;h=630&amp;amp;q=55&amp;amp;auto=format&amp;amp;usm=12&amp;amp;fit=crop&amp;amp;bm=normal&amp;amp;ba=bottom%2Cleft&amp;amp;blend64=aHR0cHM6Ly91cGxvYWRzLmd1aW0uY28udWsvMjAxNi8wNS8yNS9vdmVybGF5LWxvZ28tMTIwMC05MF9vcHQucG5n&amp;amp;s=44f1da602df99960942203faafb63124</main_image>
</document>
