<?xml version="1.0" encoding="UTF-8"?>
<document>
<type>mainstream</type>
<forum>http://www.people.com/people/news/category/0,,personsTax:BarackObama,00.html</forum>
<forum_title>Barack Obama : News : People.com</forum_title>
<discussion_title>Obama&apos;s Asia Trip Include a Death Stare, a Staircase Snub and a Graphic Slur</discussion_title>
<language>english</language>
<gmt_offset></gmt_offset>
<topic_url>http://www.people.com/article/Obama-asia-trip-death-stare-staircase-snub-slur</topic_url>
<topic_text>
President Barack Obama &apos;s final Asia tour has been &quot;colorful&quot; to say the least.
In a rare snub, the president canceled a meeting with Philippine President Rodrigo Duterte in Laos after the new leader called Obama a &quot;son of a bitch&quot; and threatened to swear at him in their planned talk.
&quot;Clearly he&apos;s a colorful guy,&quot; Obama said of Duterte in a news conference at the close of a summit of the Group of 20 major economies in China. &quot;What I&apos;ve instructed my team to do is to talk to their Philippine counterparts to find out: Is this in fact a time where we can have constructive, productive conversations?&quot;
Duterte, who has also previously cursed Pope Francis and U.N. Secretary-General Ban Ki-Moon, apologized for the remark on Tuesday in a statement read by his spokesman: &quot;While the immediate cause was my strong comments to certain press questions that elicited concern and distress, we also regret it came across as a personal attack on the US president. Our primary intention is to chart an independent foreign policy while promoting closer ties with all nations, especially the US with which we had had a longstanding partnership.&quot;
&quot;We look forward to ironing out differences arising out of national priorities and perceptions, and working in mutually responsible ways for both countries,&quot; he added.
According to some, Duterte&apos;s slur wasn&apos;t the only show of disrespect the president received overseas. The first perceived snub came on Saturday as Obama touched down at the airport in China, where Chinese officials failed to provide a portable staircase that would allow the president to disembark from the upper door of Air Force One. Instead – and notably unlike other leaders who departed their planes onto red-carpeted stairs – Obama disembarked onto a plain metal staircase from a secondary exit at the back of the plane.
The absence of a staircase was striking, and many saw it as a deliberate snub. https://t.co/xHMKYQqSAb
— NPR (@NPR) September 5, 2016
GOP nominee Donald Trump said he would have refused to meet with Chinese officials if they treated him in such a manner.
Are you planning on voting in this year&apos;s election? We want to know! Take our survey: https://t.co/b6KMj1ZeAt
— People Magazine (@people) August 15, 2016
&quot;They won&apos;t even give him stairs, proper stairs to get out of the airplane. You see that? They have pictures of other leaders who are … coming down with a beautiful red carpet. And Obama is coming down a metal staircase,&quot; Trump said Monday during a roundtable with labor leaders in Brook Park, Ohio.
&quot;I&apos;ve got to tell you, if that were me, I would say, &apos;You know what, folks, I respect you a lot but close the doors, let&apos;s get out of here,&apos; &quot; he added. &quot;It&apos;s a sign of such disrespect.&quot;
President Obama Passes the Torch to Hillary Clinton
Obama, for his part, downplayed the incident and told the press not to &quot;overcrank the significance of it.&quot;
Alexei Druzhinin / TASS / Getty
Meanwhile, another moment on Obama&apos;s Asia trip got the full &quot;overcrank&quot; treatment from both the press and the Internet. After Obama and Russian President Vladimir Putin exchanged icy looks upon meeting at the G-20 summit in China on Monday, their literal face-off was described by many as a &quot;death stare.&quot; A photograph of the moment sparked an intense Photoshop battle on Reddit .
But Obama&apos;s trip wasn&apos;t all death stares and stair snubs.
The president enjoyed some lighter moments at a luncheon with Laotian President Bounnhang Vorachit in Laos, where Obama was greeted by a military band and traditional dancers. After the meal, Obama, who is the first sitting U.S. president to visit Laos, accepted an invitation to join the young women, dressed in red and gold sarongs, in performing a traditional dance.
Carolyn Kaster / AP
And for what it&apos;s worth, Obama got his staircase in the end. Departing Hangzhou, China, he boarded Air Force One on what a pool report described as a &quot;full-sized staircase, emblazoned with the name Hangzhou International Airport and snappy blue lighting under the railing.&quot;
</topic_text>
<spam_score>0.00</spam_score>
<post_num>40</post_num>
<post_id>post-40</post_id>
<post_url>http://www.people.com/article/Obama-asia-trip-death-stare-staircase-snub-slur</post_url>
<post_date>20160906</post_date>
<post_time>1830</post_time>
<username>Guyzer</username>
<post>
8^D
</post>
<signature>

</signature>
<external_links>

</external_links>
<country>US</country>
<main_image>http://img2-3.timeinc.net/people/i/2015/news/151214/barack-obama-1024.jpg</main_image>
</document>
