<?xml version="1.0" encoding="UTF-8"?>
<document>
<type>mainstream</type>
<forum>http://m.cawalisse.com/feed</forum>
<forum_title>كواليس اليوم</forum_title>
<discussion_title>كونطرولات حافلة بالبيضاء يجردون قاصرين من أحذيتهم عقابا لهم على “السليت”</discussion_title>
<language>arabic</language>
<gmt_offset></gmt_offset>
<topic_url>http://m.cawalisse.com/122476/09/21/59/37</topic_url>
<topic_text>
كونطرولات حافلة بالبيضاء يجردون قاصرين من أحذيتهم عقابا لهم على “السليت”   
كواليس اليوم: زربي مراد انهال مراقبون بحافلة تابعة لشركة “مدينة بيس”، يوم أمس الثلاثاء، بالسب والشتم على قاصرين، قبل أن يعمدوا إلى تجريدهم من أحذيتهم عقابا لهم على عدم تأدية ثمن التذكرة. وبحسب مصادر مطلعة، فقد سادت الفوضى الحافلة 139 المتجهة من شارع مولاي يوسف إلى المركب التجاري “مارجان” عين السبع بالدر البيضاء، خصوصا بعد دخول بعض الركاب على الخط، محاولين الدفاع عن القاصرين الأربعة المتراوحة أعمارهم ما بين 10 و12 سنوات. ولم يتقبل أحد المراقبين دفاع الركاب عن القاصرن وأطلق العنان للسانه للتلفظ بكلام نابي داخل الحافلة، قبل أن يحاول التهجم على أحد الركاب، لولا أن تدخل رفاقه وحالوا دون تطور الأمور إلى ما لا تحمد عقباه. وتساءلت ذات المصادر عن الصفة القانونية التي يتمتع بها هؤلاء المراقبون بالحافلات، والتي بموجبها يقدموا على إشباع أطفال صغار ضربا لعدم تأديتهم ثمن تذكرة الركوب لسبب من الأسباب. كما تساءلت المصادر باستغراب كيف لهؤلاء المراقبين أن يتحولوا من أسود كلما صادفوا أطفالا صغارا، إلى أشباه الرجال كلما صادفوا “مشرملين” و “شمكارة”، لا يجدون من حل للتخلص منهم غير “الطليب والرغيب”، على حد تعبير ذات المصادر. اضف تعليق
</topic_text>
<spam_score>0.00</spam_score>
<post_num>1</post_num>
<post_id>post-1</post_id>
<post_url>http://m.cawalisse.com/122476/09/21/59/37</post_url>
<post_date>20160907</post_date>
<post_time>2059</post_time>
<username>كواليس تيفي</username>
<post>
كونطرولات حافلة بالبيضاء يجردون قاصرين من أحذيتهم عقابا لهم على “السليت”   
كواليس اليوم: زربي مراد انهال مراقبون بحافلة تابعة لشركة “مدينة بيس”، يوم أمس الثلاثاء، بالسب والشتم على قاصرين، قبل أن يعمدوا إلى تجريدهم من أحذيتهم عقابا لهم على عدم تأدية ثمن التذكرة. وبحسب مصادر مطلعة، فقد سادت الفوضى الحافلة 139 المتجهة من شارع مولاي يوسف إلى المركب التجاري “مارجان” عين السبع بالدر البيضاء، خصوصا بعد دخول بعض الركاب على الخط، محاولين الدفاع عن القاصرين الأربعة المتراوحة أعمارهم ما بين 10 و12 سنوات. ولم يتقبل أحد المراقبين دفاع الركاب عن القاصرن وأطلق العنان للسانه للتلفظ بكلام نابي داخل الحافلة، قبل أن يحاول التهجم على أحد الركاب، لولا أن تدخل رفاقه وحالوا دون تطور الأمور إلى ما لا تحمد عقباه. وتساءلت ذات المصادر عن الصفة القانونية التي يتمتع بها هؤلاء المراقبون بالحافلات، والتي بموجبها يقدموا على إشباع أطفال صغار ضربا لعدم تأديتهم ثمن تذكرة الركوب لسبب من الأسباب. كما تساءلت المصادر باستغراب كيف لهؤلاء المراقبين أن يتحولوا من أسود كلما صادفوا أطفالا صغارا، إلى أشباه الرجال كلما صادفوا “مشرملين” و “شمكارة”، لا يجدون من حل للتخلص منهم غير “الطليب والرغيب”، على حد تعبير ذات المصادر. اضف تعليق
</post>
<signature>

</signature>
<external_links>

</external_links>
<country>MA</country>
<main_image></main_image>
</document>
