<?xml version="1.0" encoding="UTF-8"?>
<document>
<type>mainstream</type>
<forum>http://www.politico.com/congress</forum>
<forum_title>Congress: Latest News, Top Stories &amp;amp; Analysis - POLITICO</forum_title>
<discussion_title>Freedom Caucus weighs Syrian refugee fight on must-pass spending bill</discussion_title>
<language>english</language>
<gmt_offset></gmt_offset>
<topic_url>http://www.politico.com/story/2016/09/freedom-caucus-syrian-refugees-spending-227812</topic_url>
<topic_text>
The House Freedom Caucus is targeting must-pass spending legislation as a potential bargaining chip to halt the Obama administration’s Syrian refugee resettlement program — a move sure to complicate GOP leaders’ hopes of heading off any government shut-down talk by quickly passing a stop-gap measure. The proposal comes as Senate Republican leaders are planning a short-term government funding measure that runs until Dec. 9, multiple senior GOP sources said.
The GOP-led Senate plans to try and pass their short-term measure before the House, which typically moves first on spending bills, according to the sources — a strategy that may put pressure on the House to act swiftly before government funding runs dry Sept. 30. No decisions have been finalized, and a spokesman for Senate Majority Leader Mitch McConnell (R-Ky.) said GOP senators plan to discuss the issue at a party lunch on Wednesday.
The Freedom Caucus, meanwhile, stopped short of adopting a formal strategy on the so-called continuing resolution. Many expected the caucus to vote on Tuesday to oppose a short-term stopgap spending measure that runs out in December. Several of their conservative allies off the Hill have asked leadership to punt any major budget decisions into spring of 2017.
But rather than flat-out opposing the short-term CR, the group of conservative lawmakers instead hashed out a preliminary plan to play hardball during its weekly meeting at Hunan Dynasty on Capitol Hill Tuesday evening.
They&apos;re planning to tell leadership they will back a short-term funding package if they can tuck in a bill by Rep. Richard Hudson (R-N.C.) to stop the resettlement program until the administration “can assure no terrorists or individuals with radical sympathies or views will be admitted,” according to a summary of the bill.
Pentagon says it targeted ISIL foreign ops chief By Nahal Toosi and Bryan Bender
While not an outright refusal to support a short-term CR, their demands could still spark a major legislative battle that gums up appropriations: While the refugees matter passed the House early this year, it died in the Senate, which needs Democratic votes to send anything to the president’s desk. Obama, likewise, is almost certain to reject a spending bill that includes such a provision.
“There was some discussion about doing a shorter-term CR if we had a commitment from leadership to attach and keep attached a pause on Syrian Refugees coming in until we have a better vetting system to identity the terrorists,” said one Freedom Caucus member who asked not to be identified. “We haven’t taken a formal position, but there was a lot of discussion about that and many of the members felt that was a reasonable request.”
The pitch, which has yet to be made to House Republican leadership, represents the conservative group’s opening bid in their negotiations with GOP leaders. Congress must pass a spending bill by the end of September to keep the government running and avoid a shutdown.
Senate Minority Leader Harry Reid (D-Nev.) has dangled the specter of a government shutdown if Republicans — and conservatives in the House Freedom Caucus, in particular — try and force a spending measure that runs until March 2017. Though some GOP senators such as Majority Whip John Cornyn of Texas personally favor that six-month option, Senate Republicans generally prefer a funding bill into December which would allow the conference to maintain some leverage in major spending decisions should they lose control of the Senate in November.
“Our intention is to move a bill that takes us through after the election and into December sometime,” South Dakota Sen. John Thune, the No. 3 Senate Republican, told reporters earlier Tuesday afternoon.
“Our number one goal is not to have a long-term CR,” added New York Sen. Chuck Schumer, the third-ranking Senate Democrat, on Tuesday.
House Appropriations Committee Chairman Hal Rogers (R-Ky.) said he would like to see a short-term measure run through mid-December, which would give House and Senate appropriators an opportunity to pass individual spending bills during the lame-duck session or package them together in an omnibus or &quot;mini-bus&quot; package.
Rogers noted that the House Appropriations Committee passed all 12 spending bills, and that each one includes dozens of GOP policy and funding priorities. Enacting a CR that lasts into next year would cost Republicans all those initiatives, something Rogers is loath to do.
10,000th Syrian refugee arrives in U.S. By Nahal Toosi
&quot;I&apos;m not willing at this point in jettisoning the power of the purse,&quot; Rogers told reporters on Tuesday. &quot;Consequently, I&apos;d like to see a CR until the middle of December to give us a chance to try to put together a &apos;minibuses&apos; or perhaps even something I hate, and that&apos;s an omnibus.&quot;
The Freedom Caucus position comes as the Obama administration announced late last month that it reached its goal of admitting at least 10,000 refugees from Syria this fiscal year -- one month ahead of schedule.
Congressional Republicans and a slew of GOP governors around the country had raised concerns about refugees from Syria and whether they are sufficiently vetted for potential terrorist ties in the wake of attacks in the United States and Europe. A passport initially believed to have belonged to a Syrian refugee was discovered near the body of one of the Paris attackers, although that document was later found to be fake.
Refugee applicants are among the most tightly vetted immigrants into the United States, with a screening process that can take up to 24 months. The House passed legislation last fall on a 289-137 vote that would toughen the vetting process even further, though the measure was blocked in the Senate.
The Freedom Caucus doesn’t appear to be the only group with reservations on a short-term CR. Rep. Bill Flores (R-Texas), chairman of the conservative Republican Study Committee, said it’s not just conservative hardliners who are opposed to a stopgap bill that dredges spending issues up again in December.
“Let’s keep it out of the lame duck,” Flores told reporters outside of the Speaker’s Lobby Tuesday night. Flores said that’s not an official RSC position, at least not yet, but is a “broad conservative position.”
He didn’t offer specifics when asked how many of the 178-member caucus share his views, only saying it’s “not an insignificant number.”
“The bulk of conservatives in Congress want that out of the lame duck. They don’t want it to land in the lame duck. They want it to land sometime next year,” he added.
Flores’ comments, seemingly putting him in line with the House Freedom Caucus, come amid reports that at least a handful of HFC lawmakers are considering abandoning the RSC next Congress.
“First of all, nobody has talked to me,” Flores told POLITICO when asked about the rumors. “The only names that are mentioned are [Reps. Mick] Mulvaney and Mark Meadows. If there were going to be some kind of exodus, I would’ve heard about it.”
John Bresnahan contributed to this report.
</topic_text>
<spam_score>0.00</spam_score>
<post_num>64</post_num>
<post_id>post-64</post_id>
<post_url>http://www.politico.com/story/2016/09/freedom-caucus-syrian-refugees-spending-227812</post_url>
<post_date>20160907</post_date>
<post_time>2135</post_time>
<username>Vito Danelli</username>
<post>
Ed Johnson How is it &quot;unAmerican&quot; Why don&apos;t you welcome some of them in your lily-white enclave? You can sponsor them and provide housing, food, and medical care to them. After all, it would be &quot;unAmerican&quot; to place them on public assistance, wouldn&apos;t it?
</post>
<signature>

</signature>
<external_links>

</external_links>
<country>US</country>
<main_image>http://static.politico.com/b0/01/46f796ac4cb1beecd7aee2e61010/160906-syrian-refugee-getty-1160.jpg</main_image>
</document>
