<?xml version="1.0" encoding="UTF-8"?>
<document>
<type>mainstream</type>
<forum>http://mobile.theeagle.com//search/?q=&amp;t=article&amp;l=100&amp;d=&amp;d1=&amp;d2=&amp;s=start_time&amp;sd=desc&amp;nsa=eedition&amp;c[]=news/nation,news/nation/*&amp;f=rss</forum>
<forum_title>The Eagle - news/nation,news/nation/</forum_title>
<discussion_title>Georgia editorial roundup</discussion_title>
<language>english</language>
<gmt_offset></gmt_offset>
<topic_url>http://www.theeagle.com/news/nation/georgia-editorial-roundup/article_9cce1256-32ff-5dfd-90e8-a1c6a78f821c.html</topic_url>
<topic_text>
Recent editorials from Georgia newspapers: 
___ 
Sept. 6 
The Savannah Morning News on Tropical Storm Hermine: 
Residents of coastal Georgia should salute the many government employees and utility company workers and subcontractors who helped everyone in this area weather and recover from Tropical Storm Hermine, which swept through Chatham County and the surrounding area last Friday. 
But the actual passing of the storm wasn&apos;t the worst of it for many people. While Hermine left only sporadic structural damages in its wake — especially at The Landings on Skidaway Island, which got hammered by an EF1 tornado about 350 yards wide with winds of up to 110 mph that damaged 20 homes and uprooted &quot;hundreds&quot; of large pines and oaks, according to the National Weather Service — the storm knocked out power for thousands of coastal area residents and caused some road closures and flooding. 
Savannah had braced for the worst as forecasts threatened of a full-blown hurricane. But by the time it hit coastal Georgia, Hermine was downgraded to a tropical storm, bringing 2 to 5 inches of rain, according to the National Weather Service. But that was more than enough to disrupt the long Labor Day weekend for many, especially city and county sanitation crews and public works employees who spent much of their weekend holiday picking up storm debris. They earned every penny of any extra pay they received. 
But to the many people who were sweating out the 90-degree temperatures on Saturday and Sunday the real unsung heroes and saviors of the Labor Day weekend were the hard-working emergency crews from Georgia Power and other utility companies who labored through the weekend to restore power. At one time, as many as 130,000 Georgia Power customers were without power in this area alone. By 1:30 p.m. Sunday, that number had been whittled down to only 1,200 customers, an impressive and remarkable performance that reflects the skill and the professionalism of utility workers who genuinely make customer service their top priority. 
The same goes for Coastal Electric of Georgia employees. 
Company Vice President Robbie Jones said his employees helped new and existing customers with their repairs, adding that, &quot;We are hearing a lot of people complaining that companies are taking advantage of people while in need, ranging from electrical companies and mostly tree removal companies. We are assisting more for the relief than earning a profit.&quot; 
Companies that take advantage of people who are in need should be ashamed of their greed. Such businesses are cutting their own throats. They should also know that consumers have long memories, and most will not soon forget a company that may have cheated them. Company officials also should be aware of state laws that make price gouging illegal during emergencies. Violators can be fined from $2,000 to $15,000 per violation. 
As always, restoring power after a major storm is a labor-intensive process that requires patience on the part of those who are without power because of an isolated incident, like a broken power line that affects only a few homes. Repair crews typically have a priority system and first work to fix lines that restore service to the most homes. 
But even then, it appeared that Georgia Power, to its credit, applied a full-court press to restore power to as many customers as quickly as was humanly possible. 
Jacob Hawkins, a Georgia Power spokesman, said about 3,000 workers from Alabama, Florida and elsewhere in Georgia were called in to the coastal region to restore power. The presence of these workers and their equipment were of great comfort. 
Residents who were mostly left unscathed by Hermine should be grateful that this storm was a lightweight that didn&apos;t reach its full potential. Everyone should also be thankful that utility workers and municipal and county employees were quick on the draw when it came to clean-up and recovery after the wind and rains passed through. 
Finally, Hermine, the first hurricane forecast to hit the Savannah area in a long time, was a kind of warm-up act, or an exercise in readiness, to see how well, or how poorly, residents and businesses were prepared for the real deal. Compared to the disasters that hit other parts of the nation, like the flooding in Louisiana, being able to return to normalcy so quickly in our area is a great blessing. 
Online:
</topic_text>
<spam_score>0.00</spam_score>
<post_num>1</post_num>
<post_id>post-1</post_id>
<post_url>http://www.theeagle.com/news/nation/georgia-editorial-roundup/article_9cce1256-32ff-5dfd-90e8-a1c6a78f821c.html</post_url>
<post_date>20160907</post_date>
<post_time>1955</post_time>
<username>The Associated Press</username>
<post>
Recent editorials from Georgia newspapers: 
___ 
Sept. 6 
The Savannah Morning News on Tropical Storm Hermine: 
Residents of coastal Georgia should salute the many government employees and utility company workers and subcontractors who helped everyone in this area weather and recover from Tropical Storm Hermine, which swept through Chatham County and the surrounding area last Friday. 
But the actual passing of the storm wasn&apos;t the worst of it for many people. While Hermine left only sporadic structural damages in its wake — especially at The Landings on Skidaway Island, which got hammered by an EF1 tornado about 350 yards wide with winds of up to 110 mph that damaged 20 homes and uprooted &quot;hundreds&quot; of large pines and oaks, according to the National Weather Service — the storm knocked out power for thousands of coastal area residents and caused some road closures and flooding. 
Savannah had braced for the worst as forecasts threatened of a full-blown hurricane. But by the time it hit coastal Georgia, Hermine was downgraded to a tropical storm, bringing 2 to 5 inches of rain, according to the National Weather Service. But that was more than enough to disrupt the long Labor Day weekend for many, especially city and county sanitation crews and public works employees who spent much of their weekend holiday picking up storm debris. They earned every penny of any extra pay they received. 
But to the many people who were sweating out the 90-degree temperatures on Saturday and Sunday the real unsung heroes and saviors of the Labor Day weekend were the hard-working emergency crews from Georgia Power and other utility companies who labored through the weekend to restore power. At one time, as many as 130,000 Georgia Power customers were without power in this area alone. By 1:30 p.m. Sunday, that number had been whittled down to only 1,200 customers, an impressive and remarkable performance that reflects the skill and the professionalism of utility workers who genuinely make customer service their top priority. 
The same goes for Coastal Electric of Georgia employees. 
Company Vice President Robbie Jones said his employees helped new and existing customers with their repairs, adding that, &quot;We are hearing a lot of people complaining that companies are taking advantage of people while in need, ranging from electrical companies and mostly tree removal companies. We are assisting more for the relief than earning a profit.&quot; 
Companies that take advantage of people who are in need should be ashamed of their greed. Such businesses are cutting their own throats. They should also know that consumers have long memories, and most will not soon forget a company that may have cheated them. Company officials also should be aware of state laws that make price gouging illegal during emergencies. Violators can be fined from $2,000 to $15,000 per violation. 
As always, restoring power after a major storm is a labor-intensive process that requires patience on the part of those who are without power because of an isolated incident, like a broken power line that affects only a few homes. Repair crews typically have a priority system and first work to fix lines that restore service to the most homes. 
But even then, it appeared that Georgia Power, to its credit, applied a full-court press to restore power to as many customers as quickly as was humanly possible. 
Jacob Hawkins, a Georgia Power spokesman, said about 3,000 workers from Alabama, Florida and elsewhere in Georgia were called in to the coastal region to restore power. The presence of these workers and their equipment were of great comfort. 
Residents who were mostly left unscathed by Hermine should be grateful that this storm was a lightweight that didn&apos;t reach its full potential. Everyone should also be thankful that utility workers and municipal and county employees were quick on the draw when it came to clean-up and recovery after the wind and rains passed through. 
Finally, Hermine, the first hurricane forecast to hit the Savannah area in a long time, was a kind of warm-up act, or an exercise in readiness, to see how well, or how poorly, residents and businesses were prepared for the real deal. Compared to the disasters that hit other parts of the nation, like the flooding in Louisiana, being able to return to normalcy so quickly in our area is a great blessing. 
Online:
</post>
<signature>

</signature>
<external_links>

</external_links>
<country>US</country>
<main_image>http://bloximages.chicago2.vip.townnews.com/theeagle.com/content/tncms/assets/v3/editorial/a/58/a583dfe6-0aa8-11e3-93d4-001a4bcf887a/5215314e8d004.image.jpg</main_image>
</document>
