<?xml version="1.0" encoding="UTF-8"?>
<document>
<type>mainstream</type>
<forum>http://www.lasprovincias.es/rss/2.0/?seccion=servicios</forum>
<forum_title>RSS de noticias de servicios</forum_title>
<discussion_title>SERVICIOS</discussion_title>
<language>spanish</language>
<gmt_offset></gmt_offset>
<topic_url>http://www.lasprovincias.es/servicios/infoutil/201609/08/servicios-20160907233813-v.html</topic_url>
<topic_text>
SERVICIOS   
Aguas de Valencia 963 860 600 Iberdrola 901 202 020 Repsol butano 901 100 100 Gas Natural Fenosa 900 100 251 
Correos 963 102 730 Farmacias guardia 900 500 952 Grúa 963 411 644 Instit. N. de Meteo. 807 505 574 Generalitat valenciana (info.) 012 Lo Más
</topic_text>
<spam_score>0.00</spam_score>
<post_num>1</post_num>
<post_id>post-1</post_id>
<post_url>http://www.lasprovincias.es/servicios/infoutil/201609/08/servicios-20160907233813-v.html</post_url>
<post_date>20160907</post_date>
<post_time>2138</post_time>
<username></username>
<post>
SERVICIOS   
Aguas de Valencia 963 860 600 Iberdrola 901 202 020 Repsol butano 901 100 100 Gas Natural Fenosa 900 100 251 
Correos 963 102 730 Farmacias guardia 900 500 952 Grúa 963 411 644 Instit. N. de Meteo. 807 505 574 Generalitat valenciana (info.) 012 Lo Más
</post>
<signature>

</signature>
<external_links>

</external_links>
<country>ES</country>
<main_image>http://www.lasprovincias.es/img/2014/logoC-200-twitter.png</main_image>
</document>
