<?xml version="1.0" encoding="UTF-8"?>
<document>
<type>mainstream</type>
<forum>http://ewallstreeter.com/rss.php?c=60</forum>
<forum_title>eWallstreeter</forum_title>
<discussion_title>Harald Hardrada will lead Norway in Civilization VI</discussion_title>
<language>english</language>
<gmt_offset></gmt_offset>
<topic_url>http://ewallstreeter.com/harald-hardrada-will-lead-norway-in-civilization-vi-4732/</topic_url>
<topic_text>
Harald Hardrada will lead Norway in Civilization VI From Gaming NexusSeptember 7, 2016 - 4:21pm Norway makes its way into the Civilization franchise as the last Great Viking King Harald Hardrada will be leading the country in Civilization VI. If you&apos;re a little rusty on your history with Mr. Hardrada, 2K has provided some info in their blog as well as a video taking a first look at Norway. From 2K&apos;s Civilization blog: &quot;New to the Civilization series and leading Norway is the last Great Viking King Harald Hardrada. Norway’s eventual king wasn’t always close to the throne. Exiled from his native land in 1030 after supporting his half-brother Olaf’s failed campaign, Hardrada sought refuge in Kievan Rus and later, Constantinople. Being a highly skilled warrior, he climbed the ranks of the Varangian Guard, earning the nickname “Devastator of the Bulgarians” after quelling an uprising. In 1042 he returned to Norway and skillfully maneuvered his way into joint kingship with Magnus I. After Magnus’ passing, the now sole ruler of Norway warred with Sweyn, King of Denmark, in 1048 until 1064 before settling peacefully. He then attempted to claim the throne of England, perishing during the Battle of Stamford Bridge in 1066. Hardrada’s reign was marked by war, but also by great progress. Peace flourished as Norway was unified under a strong government, new currency, external trade, and religious advancement.&quot;  
</topic_text>
<spam_score>0.00</spam_score>
<post_num>1</post_num>
<post_id>post-1</post_id>
<post_url>http://ewallstreeter.com/harald-hardrada-will-lead-norway-in-civilization-vi-4732/</post_url>
<post_date>20160907</post_date>
<post_time>2021</post_time>
<username></username>
<post>
Harald Hardrada will lead Norway in Civilization VI From Gaming NexusSeptember 7, 2016 - 4:21pm Norway makes its way into the Civilization franchise as the last Great Viking King Harald Hardrada will be leading the country in Civilization VI. If you&apos;re a little rusty on your history with Mr. Hardrada, 2K has provided some info in their blog as well as a video taking a first look at Norway. From 2K&apos;s Civilization blog: &quot;New to the Civilization series and leading Norway is the last Great Viking King Harald Hardrada. Norway’s eventual king wasn’t always close to the throne. Exiled from his native land in 1030 after supporting his half-brother Olaf’s failed campaign, Hardrada sought refuge in Kievan Rus and later, Constantinople. Being a highly skilled warrior, he climbed the ranks of the Varangian Guard, earning the nickname “Devastator of the Bulgarians” after quelling an uprising. In 1042 he returned to Norway and skillfully maneuvered his way into joint kingship with Magnus I. After Magnus’ passing, the now sole ruler of Norway warred with Sweyn, King of Denmark, in 1048 until 1064 before settling peacefully. He then attempted to claim the throne of England, perishing during the Battle of Stamford Bridge in 1066. Hardrada’s reign was marked by war, but also by great progress. Peace flourished as Norway was unified under a strong government, new currency, external trade, and religious advancement.&quot;  
</post>
<signature>

</signature>
<external_links>

</external_links>
<country>US</country>
<main_image></main_image>
</document>
