<?xml version="1.0" encoding="UTF-8"?>
<document>
<type>mainstream</type>
<forum>http://mobile.theeagle.com//search/?q=&amp;t=article&amp;l=100&amp;d=&amp;d1=&amp;d2=&amp;s=start_time&amp;sd=desc&amp;nsa=eedition&amp;c[]=news/nation,news/nation/*&amp;f=rss</forum>
<forum_title>The Eagle - news/nation,news/nation/</forum_title>
<discussion_title>Officials ID man dead in Henderson home slaying-suicide case</discussion_title>
<language>english</language>
<gmt_offset></gmt_offset>
<topic_url>http://www.theeagle.com/news/nation/officials-id-man-dead-in-henderson-home-slaying-suicide-case/article_ce80a4e5-e056-5425-8009-1e470a1e8068.html</topic_url>
<topic_text>
Officials ID man dead in Henderson home slaying-suicide case Associated Press | 0 comments 
HENDERSON, Nev. (AP) — Authorities have identified a 38-year-old man who police say shot and killed his wife while she was moving out of their home in Henderson, and then killed himself. 
The Clark County coroner said Thursday that Michael James Yonke died of a self-inflicted gunshot to the head. His death was ruled a suicide. 
The name of the woman wasn&apos;t immediately made public while the coroner&apos;s office notifies relatives. Police say she was 41. 
Henderson police spokeswoman Michelle French says officers found the bodies Monday evening in the home in Anthem Highlands after a relative contacted police and expressed concern about the woman&apos;s safety. 
Police say the woman&apos;s 14-year-old daughter from a previous relationship and the couple&apos;s 9-year-old daughter weren&apos;t home at the time of the shooting. They&apos;re being cared-for by relatives. Discuss Print Posted in Nation on Wednesday, September 7, 2016 3:14 pm. Updated: 3:34 pm. | Tags: General News , Suicides , Violent Crime , Crime | Location Tags: Nevada , United States , North America Similar Stories
</topic_text>
<spam_score>0.00</spam_score>
<post_num>1</post_num>
<post_id>post-1</post_id>
<post_url>http://www.theeagle.com/news/nation/officials-id-man-dead-in-henderson-home-slaying-suicide-case/article_ce80a4e5-e056-5425-8009-1e470a1e8068.html</post_url>
<post_date>20160907</post_date>
<post_time>2014</post_time>
<username></username>
<post>
Officials ID man dead in Henderson home slaying-suicide case Associated Press | 0 comments 
HENDERSON, Nev. (AP) — Authorities have identified a 38-year-old man who police say shot and killed his wife while she was moving out of their home in Henderson, and then killed himself. 
The Clark County coroner said Thursday that Michael James Yonke died of a self-inflicted gunshot to the head. His death was ruled a suicide. 
The name of the woman wasn&apos;t immediately made public while the coroner&apos;s office notifies relatives. Police say she was 41. 
Henderson police spokeswoman Michelle French says officers found the bodies Monday evening in the home in Anthem Highlands after a relative contacted police and expressed concern about the woman&apos;s safety. 
Police say the woman&apos;s 14-year-old daughter from a previous relationship and the couple&apos;s 9-year-old daughter weren&apos;t home at the time of the shooting. They&apos;re being cared-for by relatives. Discuss Print Posted in Nation on Wednesday, September 7, 2016 3:14 pm. Updated: 3:34 pm. | Tags: General News , Suicides , Violent Crime , Crime | Location Tags: Nevada , United States , North America Similar Stories
</post>
<signature>

</signature>
<external_links>

</external_links>
<country>US</country>
<main_image>http://bloximages.chicago2.vip.townnews.com/theeagle.com/content/tncms/assets/v3/editorial/a/58/a583dfe6-0aa8-11e3-93d4-001a4bcf887a/5215314e8d004.image.jpg</main_image>
</document>
