<?xml version="1.0" encoding="UTF-8"?>
<document>
<type>mainstream</type>
<forum>http://www.almasryalyoum.com/section/index/86</forum>
<forum_title>سيارات | المصري اليوم</forum_title>
<discussion_title>«قنبلة» سكودا أصبحت جاهزة.. والعرض العالمى الأول فى باريس</discussion_title>
<language>arabic</language>
<gmt_offset></gmt_offset>
<topic_url>http://www.almasryalyoum.com/news/details/1006164</topic_url>
<topic_text>
كشفت سكودا خلال الأيام القليلة الماضية عن سيارتها الكبيرة التى تنوى بها، حسب خطتها اقتحام المزيد من الأسواق العالمية التى لم تنافس فيها الشركة حتى الآن، للاستحواذ على جانب أكبر من المبيعات بتحقيق رغبات أكبر للعملاء.
أخبار متعلقة
بعد انضمامها لـ FIVA : لجنة السيارات الكلاسيكية المصرية تحتفل بنجاحها فى معرض «أوتوماك – فورميلا»
معرض «أوتوماك – فورميلا» ينعش سوق السيارات.. ويختتم فعالياته غدًا
مجموعة طرازات سوبارو الكاملة في «أوتوماك – فورميلا»
تم الكشف عن السيارة بالعاصمة الألمانية برلين. طول السيارة الذى يبلغ 4 أمتار و70 سم جعل المقصورة الداخلية تتسم بالرحابة الكافية لاستيعاب 7 مقاعد. جدير بالذكر أيضا أن السيارة توفر لعملائها مساحة التخزين الخلفية الأكبر سعة فى فئتها والتى تصل إلى ألفين و65 لترا ويمكن أيضا تعديل وضعية المقاعد الخلفية للحصول على مساحة تخزين أوسع كما سيكون هناك إمكانية لاختيار صف ثالث من المقاعد.
تعتبر هذه السيارة الأولى فى فئتها من الصانع الشرق أوروبى. وتمثل ترجمة للغة سكودا التصميمة فى فئة الـSUV الكبيرة للمرة الأولى. فى الأسابيع المبكرة من 2017، سيتم عرض السيارة التى تحمل كل نقاط القوى التى تميز سكودا عن غيرها من المنافسين. التصميم الجديد مفعم بشخصية قوية، ومساحة داخلية هائلة، وذكاء عملى وتكنولوجيا مبتكرة لا تتواجد إلا فى الفئات الأعلى ثمنا وأكثر رفاهية.
بهذه السيارة، تعلن سكودا بدأها فى حملة عنيفة للسيارات الرياضية الخدمية. يقول بيرنارد ماير، العضو المنتدب للشركة: «من خلال سكودا KODIAQ، نقوم بتطوير الشركة فى اتجاه جديد عليها لفتح المزيد من الفرص أمامنا فى الأسواق. بسيارتنا الخدمية الأولى، نغزو فئة جديدة للعلامة والمزيد من مجموعات المستهلكين. قوة هذا الطراز لا تضاهى مقارنة بباقى الطرازات التى طرحتها الشركة من قبل.
التشكيلة المتنوعة التى تفتخر الشركة بتقديمها فى الفترة الحالية تعتبر من أبرز عناصر الجذب فى الشركة، وإضافة الطراز الأخير لا شك ستجعل تشكيلتنا أغنى وأكثر جذبا. بالإضافة للتصميم المميز، تعتبر هذه أول سيارة من الشركة بتكنولوجيا اتصال دائم بشبكة المعلومات الدولية، للمساهمة فى رفع أمان ركاب السيارة، وتوفير معلومات بشكل لحظى أولا بأول لمساعدة السائق على اتخاذ القرارات فى التوقيتات المناسبة».
أما عن كريستيان شتروبى، عضو مجلس الإدارة للتطوير التقنى، فقد ألقى كلمته أيضا أثناء المؤتمر، مسلطا الضوء على نقاط قوى الشركة، والكفاءة التسعيرية للسيارة، والتكنولوجيا الموفرة فيها، وأنهى حديثه قائلا أن الكم الملحوظ من الابتكارات التكنولوچية المتوفرة فى السيارة، لا توفر سوى فى فئات أخرى أعلى من الفئة التى تقع KODIAQ تحتها.
ولهذا فتعتبر سيارة سكودا الجديدة منافسا لأكثر من فئة فى الوقت ذاته، بفضل التجهيزات والفئة السعرية. من ضمن تلك التقنيات –بالإضافة بالطبع للنظام المعلوماتى الترفيهى وما شابهه- هى الأنظمة الالكترونية لمعاونة السائق. النظام الأول المخصوص بالقطر، والذى يفعَّل أوتوماتيكيا فور تركيب السائق لعربة مقطورة ليعاونه فى الانعطاف أثناء الرجوع للخلف.
النظام المسمى بـمعاون المناورة يقوم أيضا بإيقاف السيارة أوتوماتيكيا أو تقليل سرعتها حسب الحاجة فى حال مسح الكاميرات الخلفية لأى أجسام غير مرئية من زاوية السائق. إضافة لأن السيارة تأتى بـArea View System المكوَّن من عدة كاميرات حول السيارة لعرض الصورة على السائق أثناء القيادة دون تشتيت تركيزه.
وبإمكان KODIAQ أن تقوم بقطر وزن 2.5 طن. النظام يعمل أيضا بالتكامل مع نظام الكبح الطارئ الذى يعمل داخل المدينة حتى سرعة 34 كم/س، كما يمكن إضافة خيار للنظام يلاحظ عابرى الطريق ويتدخل فى تحكمات السيارة، ولكنه خيار إضافى حسب رغبة العميل. داخل المقصورة يمثل النظام المعلوماتى والترفيهى هو الآخر صفة من صفات السيارات الفاخرة فهو مزود بشاشات تعمل باللمس عالية الجودة ويعمل بالتكامل مع الهواتف الذكية ليوفر خواص Apple CarPlay وAndroid Auto وMirrorLinkTM ويسمح باستخدام كافة تطبيقاتهم عند توصيل الهاتف بالسيارة، كما أن النظام نفسه مزود بخاصية للاتصال فائق السرعة بالإنترنت عن طريق الجيل الرابع من شبكات المحمول، وبسبب رحابة المقصورة طورت سكودا نظاما يقوم بتسجيل صوت السائق ونقله إلى المقاعد الخلفية عن طريق السماعات المثبتة فى الخلف ليوفر على السائق النظر إلى الخلف وبالتالى يساعد فى عدم تشتيت نظره عن الطريق.
قائمة الخيارات الموفرة فى السيارة طويلة، ولكن يظل المحرك هو الأبرز بالطبع فى إثارة فضول العملاء، قررت الشركة طرحه بالعديد من الخيارات تتنوع بين الديزل والبنزين. خمسة محركات ثلاثة منها تعمل بالبنزين TSI واثنين TDI يعملان بالديزل، جميعها مزودة بشواحن تربو، القدرات الحصانية للديزل تتراوح بين 120 و190 حصانا، أما عن المحركات العادية التى تعمل بالبنزين، والعاملة بنظام TSI فتتراوح سعاتها بين 1400 و2000 سى سى، مولدة قدرات بين 125 و150 حصانا، وهى مزودة بنظام ACT الذى يقوم بوقف تشغيل الأسطوانات الثانية والثالثة عندما تكون الأحمال خفيفة على المحرك.
أما بالنسبة لناقل الحركة فطبقا لاختيار المحرك هناك مجموعة من الاختيارات المتاحة لناقل الحركة منها سداسى السرعات اليدوى وDSG بالسرعات الست أو السبع، ناقل الحركة DSG بسبع سرعات هو الأول من نوعه الذى تتبناه سكودا وهو مصمم للسيارات ذات العزم القوى التى يصل عزمها إلى 600 نيوتن متر ويتميز بأن حجمه مدمج ولكنه يوفر سرعة وراحة أكبر فى تغيير التروس.
المحركات الكبيرة حصلت على ناقل الحركة السباعى وعلى نمط الدفع الرباعى الكامل، بينما حصلت المحركات الأصغر على ناقل الحركة بست سرعات ونمط الدفع الأمامي. نظام الدفع الرباعى الكامل يتكامل مع نظام التحكم الالكترونى والذى يقوم بحساب العزم المناسب للمحور الخلفى وبالتالى يمنع فقدان قوة الجر الخلفية أو زيادتها عن الحاجة عند القيادة على كافة أنواع الطرق أو خارجها، وفى حالة القيادة بأحمال قليلة وعلى طرق ممهدة يدفع النظام العزم إلى العجلات الأمامية فقط توفيرا للوقود.
ويساعد فى ذلك نظام التعليق على المحور الأمامى بمكونات مكفرسون والخلفى المصنوع من الصلب بأربع وصلات، جدير بالذكر أن KODIAQ تم بناءها على قاعدة مكونات MQB الخاصة بمجموعة فولكس ڤاجن وهو ما يعنى أنه بالرغم من كبر حجم السيارة فهى خفيفة الوزن نسبيا عند ألفا و452 كجم. وبعد أن قدمتها الشركة رسميا خلال مؤتمر ألمانيا الصحفى، تستعد حاليا لعرضها العالمى الأول فى معرض پاريس.
</topic_text>
<spam_score>0.20</spam_score>
<post_num>1</post_num>
<post_id>post-1</post_id>
<post_url>http://www.almasryalyoum.com/news/details/1006164</post_url>
<post_date>20160908</post_date>
<post_time></post_time>
<username>almasryalyoum.com</username>
<post>
كشفت سكودا خلال الأيام القليلة الماضية عن سيارتها الكبيرة التى تنوى بها، حسب خطتها اقتحام المزيد من الأسواق العالمية التى لم تنافس فيها الشركة حتى الآن، للاستحواذ على جانب أكبر من المبيعات بتحقيق رغبات أكبر للعملاء.
أخبار متعلقة
بعد انضمامها لـ FIVA : لجنة السيارات الكلاسيكية المصرية تحتفل بنجاحها فى معرض «أوتوماك – فورميلا»
معرض «أوتوماك – فورميلا» ينعش سوق السيارات.. ويختتم فعالياته غدًا
مجموعة طرازات سوبارو الكاملة في «أوتوماك – فورميلا»
تم الكشف عن السيارة بالعاصمة الألمانية برلين. طول السيارة الذى يبلغ 4 أمتار و70 سم جعل المقصورة الداخلية تتسم بالرحابة الكافية لاستيعاب 7 مقاعد. جدير بالذكر أيضا أن السيارة توفر لعملائها مساحة التخزين الخلفية الأكبر سعة فى فئتها والتى تصل إلى ألفين و65 لترا ويمكن أيضا تعديل وضعية المقاعد الخلفية للحصول على مساحة تخزين أوسع كما سيكون هناك إمكانية لاختيار صف ثالث من المقاعد.
تعتبر هذه السيارة الأولى فى فئتها من الصانع الشرق أوروبى. وتمثل ترجمة للغة سكودا التصميمة فى فئة الـSUV الكبيرة للمرة الأولى. فى الأسابيع المبكرة من 2017، سيتم عرض السيارة التى تحمل كل نقاط القوى التى تميز سكودا عن غيرها من المنافسين. التصميم الجديد مفعم بشخصية قوية، ومساحة داخلية هائلة، وذكاء عملى وتكنولوجيا مبتكرة لا تتواجد إلا فى الفئات الأعلى ثمنا وأكثر رفاهية.
بهذه السيارة، تعلن سكودا بدأها فى حملة عنيفة للسيارات الرياضية الخدمية. يقول بيرنارد ماير، العضو المنتدب للشركة: «من خلال سكودا KODIAQ، نقوم بتطوير الشركة فى اتجاه جديد عليها لفتح المزيد من الفرص أمامنا فى الأسواق. بسيارتنا الخدمية الأولى، نغزو فئة جديدة للعلامة والمزيد من مجموعات المستهلكين. قوة هذا الطراز لا تضاهى مقارنة بباقى الطرازات التى طرحتها الشركة من قبل.
التشكيلة المتنوعة التى تفتخر الشركة بتقديمها فى الفترة الحالية تعتبر من أبرز عناصر الجذب فى الشركة، وإضافة الطراز الأخير لا شك ستجعل تشكيلتنا أغنى وأكثر جذبا. بالإضافة للتصميم المميز، تعتبر هذه أول سيارة من الشركة بتكنولوجيا اتصال دائم بشبكة المعلومات الدولية، للمساهمة فى رفع أمان ركاب السيارة، وتوفير معلومات بشكل لحظى أولا بأول لمساعدة السائق على اتخاذ القرارات فى التوقيتات المناسبة».
أما عن كريستيان شتروبى، عضو مجلس الإدارة للتطوير التقنى، فقد ألقى كلمته أيضا أثناء المؤتمر، مسلطا الضوء على نقاط قوى الشركة، والكفاءة التسعيرية للسيارة، والتكنولوجيا الموفرة فيها، وأنهى حديثه قائلا أن الكم الملحوظ من الابتكارات التكنولوچية المتوفرة فى السيارة، لا توفر سوى فى فئات أخرى أعلى من الفئة التى تقع KODIAQ تحتها.
ولهذا فتعتبر سيارة سكودا الجديدة منافسا لأكثر من فئة فى الوقت ذاته، بفضل التجهيزات والفئة السعرية. من ضمن تلك التقنيات –بالإضافة بالطبع للنظام المعلوماتى الترفيهى وما شابهه- هى الأنظمة الالكترونية لمعاونة السائق. النظام الأول المخصوص بالقطر، والذى يفعَّل أوتوماتيكيا فور تركيب السائق لعربة مقطورة ليعاونه فى الانعطاف أثناء الرجوع للخلف.
النظام المسمى بـمعاون المناورة يقوم أيضا بإيقاف السيارة أوتوماتيكيا أو تقليل سرعتها حسب الحاجة فى حال مسح الكاميرات الخلفية لأى أجسام غير مرئية من زاوية السائق. إضافة لأن السيارة تأتى بـArea View System المكوَّن من عدة كاميرات حول السيارة لعرض الصورة على السائق أثناء القيادة دون تشتيت تركيزه.
وبإمكان KODIAQ أن تقوم بقطر وزن 2.5 طن. النظام يعمل أيضا بالتكامل مع نظام الكبح الطارئ الذى يعمل داخل المدينة حتى سرعة 34 كم/س، كما يمكن إضافة خيار للنظام يلاحظ عابرى الطريق ويتدخل فى تحكمات السيارة، ولكنه خيار إضافى حسب رغبة العميل. داخل المقصورة يمثل النظام المعلوماتى والترفيهى هو الآخر صفة من صفات السيارات الفاخرة فهو مزود بشاشات تعمل باللمس عالية الجودة ويعمل بالتكامل مع الهواتف الذكية ليوفر خواص Apple CarPlay وAndroid Auto وMirrorLinkTM ويسمح باستخدام كافة تطبيقاتهم عند توصيل الهاتف بالسيارة، كما أن النظام نفسه مزود بخاصية للاتصال فائق السرعة بالإنترنت عن طريق الجيل الرابع من شبكات المحمول، وبسبب رحابة المقصورة طورت سكودا نظاما يقوم بتسجيل صوت السائق ونقله إلى المقاعد الخلفية عن طريق السماعات المثبتة فى الخلف ليوفر على السائق النظر إلى الخلف وبالتالى يساعد فى عدم تشتيت نظره عن الطريق.
قائمة الخيارات الموفرة فى السيارة طويلة، ولكن يظل المحرك هو الأبرز بالطبع فى إثارة فضول العملاء، قررت الشركة طرحه بالعديد من الخيارات تتنوع بين الديزل والبنزين. خمسة محركات ثلاثة منها تعمل بالبنزين TSI واثنين TDI يعملان بالديزل، جميعها مزودة بشواحن تربو، القدرات الحصانية للديزل تتراوح بين 120 و190 حصانا، أما عن المحركات العادية التى تعمل بالبنزين، والعاملة بنظام TSI فتتراوح سعاتها بين 1400 و2000 سى سى، مولدة قدرات بين 125 و150 حصانا، وهى مزودة بنظام ACT الذى يقوم بوقف تشغيل الأسطوانات الثانية والثالثة عندما تكون الأحمال خفيفة على المحرك.
أما بالنسبة لناقل الحركة فطبقا لاختيار المحرك هناك مجموعة من الاختيارات المتاحة لناقل الحركة منها سداسى السرعات اليدوى وDSG بالسرعات الست أو السبع، ناقل الحركة DSG بسبع سرعات هو الأول من نوعه الذى تتبناه سكودا وهو مصمم للسيارات ذات العزم القوى التى يصل عزمها إلى 600 نيوتن متر ويتميز بأن حجمه مدمج ولكنه يوفر سرعة وراحة أكبر فى تغيير التروس.
المحركات الكبيرة حصلت على ناقل الحركة السباعى وعلى نمط الدفع الرباعى الكامل، بينما حصلت المحركات الأصغر على ناقل الحركة بست سرعات ونمط الدفع الأمامي. نظام الدفع الرباعى الكامل يتكامل مع نظام التحكم الالكترونى والذى يقوم بحساب العزم المناسب للمحور الخلفى وبالتالى يمنع فقدان قوة الجر الخلفية أو زيادتها عن الحاجة عند القيادة على كافة أنواع الطرق أو خارجها، وفى حالة القيادة بأحمال قليلة وعلى طرق ممهدة يدفع النظام العزم إلى العجلات الأمامية فقط توفيرا للوقود.
ويساعد فى ذلك نظام التعليق على المحور الأمامى بمكونات مكفرسون والخلفى المصنوع من الصلب بأربع وصلات، جدير بالذكر أن KODIAQ تم بناءها على قاعدة مكونات MQB الخاصة بمجموعة فولكس ڤاجن وهو ما يعنى أنه بالرغم من كبر حجم السيارة فهى خفيفة الوزن نسبيا عند ألفا و452 كجم. وبعد أن قدمتها الشركة رسميا خلال مؤتمر ألمانيا الصحفى، تستعد حاليا لعرضها العالمى الأول فى معرض پاريس.
</post>
<signature>

</signature>
<external_links>

</external_links>
<country>US</country>
<main_image>http://media.almasryalyoum.com/News/VeryLarge/2016/09/07/514707_0.jpeg</main_image>
</document>
