<?xml version="1.0" encoding="UTF-8"?>
<document>
<type>mainstream</type>
<forum>http://www.vlcimak.eu/feed/</forum>
<forum_title>Babka kořenářka</forum_title>
<discussion_title>Rajčatová pizza s cibulí a anglickou slaninou</discussion_title>
<language>czech</language>
<gmt_offset></gmt_offset>
<topic_url>http://www.korenarka.eu/recepty/rajcatova-pizza-s-cibuli-a-anglickou-slaninou-2/</topic_url>
<topic_text>
Rajčatová pizza s cibulí a anglickou slaninou 
Máte hodně rajčat? Tak vyzkoušejte tento recept na chutnou a křehkou zeleninovou pizzu. Publikováno 7. Září 2016, původní zdroj a celý článek viz odkaz výše. Comments are closed.  
</topic_text>
<spam_score>0.00</spam_score>
<post_num>1</post_num>
<post_id>post-1</post_id>
<post_url>http://www.korenarka.eu/recepty/rajcatova-pizza-s-cibuli-a-anglickou-slaninou-2/</post_url>
<post_date>20160907</post_date>
<post_time>1711</post_time>
<username>admin</username>
<post>
Rajčatová pizza s cibulí a anglickou slaninou 
Máte hodně rajčat? Tak vyzkoušejte tento recept na chutnou a křehkou zeleninovou pizzu. Publikováno 7. Září 2016, původní zdroj a celý článek viz odkaz výše. Comments are closed.  
</post>
<signature>

</signature>
<external_links>

</external_links>
<country>CZ</country>
<main_image></main_image>
</document>
