<?xml version="1.0" encoding="UTF-8"?>
<document>
<type>mainstream</type>
<forum></forum>
<forum_title></forum_title>
<discussion_title>Nouveautés dans l&apos;enseignement professionnel à la rentrée 2016 : la ministre en déplacement à Arras - Ministère de l&apos;Éducation nationale, de l&apos;Enseignement supérieur et de la Recherche</discussion_title>
<language>french</language>
<gmt_offset></gmt_offset>
<topic_url>http://www.education.gouv.fr/cid106071/nouveautes-dans-l-enseignement-professionnel-a-la-rentree-2016-la-ministre-en-deplacement-a-arras.html</topic_url>
<topic_text>
—Éducation nationale (@EducationFrance) 6 septembre 2016 
Dans le cadre des journées d&apos;accueil et d&apos;intégration, Najat Vallaud-Belkacem a visité le plateau technique Hygiène-Propreté où est mis en oeuvre le parrainage entre pairs , en présence d&apos;une vingtaine d&apos;élèves en Licence professionnelle post-CAP et Bac Pro, et de leurs professeurs ainsi que le plateau technique Hôtellerie-Restauration-Agent polyvalent de restauration qui permet aux lycéens de participer à des réalisations simples pour appréhender les métiers . #30ansBacPro pour réussir l&apos;entrée en lycée pro: des journées d&apos;accueil &amp; d&apos;intégration pour les élèves dans tous les lycées pro. de France. — Najat Belkacem (@najatvb) 2 septembre 2016 
Le magasin pédagogique a également accueilli la ministre en présence de 15 élèves accompagnés de leurs enseignants et d&apos;un professionnel à l&apos;occasion de la semaine de préparation à l&apos;arrivée en milieu professionnel . Désormais, partout en Fr. une semaine de préparation à l&apos;arrivée en entreprise, avant le départ en premier stage de lycée pro. #30ansBacPro — Najat Belkacem (@najatvb) 2 septembre 2016 
Najat Vallaud-Belkacem a ensuite assistéà une table ronde relative à la période de consolidation de l&apos;orientation avant de prononcer un discours. À l’école maternelle Oscar-Cléret 
Après avoir été invitée pour un buffet déjeunatoire servi par les élèves de terminale CAP Café-Brasserie et bac Pro Hôtellerie-commercialisation et service en restauration, au restaurant d&apos;application &quot;La Solleilade&quot;, la ministre s&apos;est rendue à l&apos;école élémentaire Oscar Cléret d&apos;Arras, où elle a rencontré, pendant le temps scolaire, une classe de CE2 lors d&apos;une initiation aux mathématiques et aux échecs et une classe de CP lors d&apos;un rappel des valeurs de la République. 
Puis elle a participéà une table ronde relative à la mise en place des nouvelles activités périscolaires , avec des représentants de l&apos;équipe municipale, de l&apos;équipe pédagogique ainsi que des représentants de parents d&apos;élèves. 
Le déplacement dans le Pas-de-Calais de la ministre s&apos;est achevéà la suite de sa visite des ateliers dans le cadre des nouvelles activités périscolaires : atelier activité artistique, atelier danse africaine et atelier sport collectif. — Najat Belkacem (@najatvb) 2 septembre 2016 En savoir plus 
</topic_text>
<spam_score>0.05</spam_score>
<post_num>1</post_num>
<post_id>post-1</post_id>
<post_url>http://www.education.gouv.fr/cid106071/nouveautes-dans-l-enseignement-professionnel-a-la-rentree-2016-la-ministre-en-deplacement-a-arras.html</post_url>
<post_date>20160209</post_date>
<post_time></post_time>
<username></username>
<post>
—Éducation nationale (@EducationFrance) 6 septembre 2016 
Dans le cadre des journées d&apos;accueil et d&apos;intégration, Najat Vallaud-Belkacem a visité le plateau technique Hygiène-Propreté où est mis en oeuvre le parrainage entre pairs , en présence d&apos;une vingtaine d&apos;élèves en Licence professionnelle post-CAP et Bac Pro, et de leurs professeurs ainsi que le plateau technique Hôtellerie-Restauration-Agent polyvalent de restauration qui permet aux lycéens de participer à des réalisations simples pour appréhender les métiers . #30ansBacPro pour réussir l&apos;entrée en lycée pro: des journées d&apos;accueil &amp; d&apos;intégration pour les élèves dans tous les lycées pro. de France. — Najat Belkacem (@najatvb) 2 septembre 2016 
Le magasin pédagogique a également accueilli la ministre en présence de 15 élèves accompagnés de leurs enseignants et d&apos;un professionnel à l&apos;occasion de la semaine de préparation à l&apos;arrivée en milieu professionnel . Désormais, partout en Fr. une semaine de préparation à l&apos;arrivée en entreprise, avant le départ en premier stage de lycée pro. #30ansBacPro — Najat Belkacem (@najatvb) 2 septembre 2016 
Najat Vallaud-Belkacem a ensuite assistéà une table ronde relative à la période de consolidation de l&apos;orientation avant de prononcer un discours. À l’école maternelle Oscar-Cléret 
Après avoir été invitée pour un buffet déjeunatoire servi par les élèves de terminale CAP Café-Brasserie et bac Pro Hôtellerie-commercialisation et service en restauration, au restaurant d&apos;application &quot;La Solleilade&quot;, la ministre s&apos;est rendue à l&apos;école élémentaire Oscar Cléret d&apos;Arras, où elle a rencontré, pendant le temps scolaire, une classe de CE2 lors d&apos;une initiation aux mathématiques et aux échecs et une classe de CP lors d&apos;un rappel des valeurs de la République. 
Puis elle a participéà une table ronde relative à la mise en place des nouvelles activités périscolaires , avec des représentants de l&apos;équipe municipale, de l&apos;équipe pédagogique ainsi que des représentants de parents d&apos;élèves. 
Le déplacement dans le Pas-de-Calais de la ministre s&apos;est achevéà la suite de sa visite des ateliers dans le cadre des nouvelles activités périscolaires : atelier activité artistique, atelier danse africaine et atelier sport collectif. — Najat Belkacem (@najatvb) 2 septembre 2016 En savoir plus 
</post>
<signature>

</signature>
<external_links>

</external_links>
<country>FR</country>
<main_image></main_image>
</document>
