<?xml version="1.0" encoding="UTF-8"?>
<document>
<type>mainstream</type>
<forum>https://tv.yahoo.com/sitemap/stories/2.xml</forum>
<forum_title></forum_title>
<discussion_title>6 Shocking Moments From the Rob Lowe Roast: Jewel Plays Guitar and Ann Coulter Gets It the Worst!</discussion_title>
<language>english</language>
<gmt_offset></gmt_offset>
<topic_url>https://tv.yahoo.com/news/6-shocking-moments-rob-lowe-182000080.html</topic_url>
<topic_text>
The Roast is a brutal dais, even if you&apos;re a beloved and beautiful actor like Rob Lowe.
Comedy Central aired its annual insult comedy event on Monday night, bringing out a bevy of stars including Jewel, Peyton Manning, SNL &apos;s Pete Davidson, and Roastmaster David Spade to knock the 52-year-old West Wing star down a peg with gleeful abandon.
It goes without saying that the Roast is not for the faint of heart, and this year&apos;s event proved that true and them some.
WATCH: Rob Lowe Can&apos;t Wait for His Comedy Central Roast: &apos;It&apos;s Totally Open Season&apos;
Here are six notable highlights from the night.
1. The infamous 1988 sex tape was not forgotten.
The tone for the night was set when in Lowe&apos;s introduction video, a short clip of his infamous 1988 sex tape was shown.
The roasters pummeled the actor for the embarrassing incident throughout the night, including Spade, who joked, &quot;Rob came up at a time when a sex tape could really ruin your career. But Rob had to do it the hard way -- with his acting.&quot;
That was far from the worst of it, so it&apos;s hardly a surprise that the sober actor concluded the night by downing a fake bottle of Jack Daniels.
2. This was basically the roast of Ann Coulter.
Sometimes a roaster gets more attention than the roastee, and that was certainly true of the conservative commentator, who said she only appeared on the dais to promote her newest book.
&quot;Ann Coulter has written 11 books,&quot; comedian Nikki Glazer quipped. &quot;12 if you count Mein Kampf.&quot;
Even Jewel remarked, &quot;As a feminist, I can&apos;t support everything that&apos;s been said tonight, but as someone who hates Ann Coulter, I&apos;m delighted.&quot;
Oh, by the way...
3. Jewel killed it and played guitar.
The Pieces Of You singer graciously smiled on as jokes about her relevance were offered up, but when it came time for Jewel to speak, she played along -- literally, as she brought her guitar!
&quot;Rob was shocked on the Lyon&apos;s Den when I did not want to kiss him,&quot; Jewel sang to the tune of her hit, &quot;You Were Meant For Me.&quot; &quot;You completely forgot we hooked up before.&quot;
Play it again, Jewel!
MORE: 18 Biggest Moments From Comedy Central&apos;s Incredibly Brutal Justin Bieber Roast
4. Peyton Manning got a standing ovation.
Spade joked about the retired NFL pro&apos;s large forehead while introducing him, but Manning then got a standing ovation from the crowd before speaking.
The legendary quarterback got the roast host back, however, quipping -- in the key of his catchy Nationwide jingle, naturally -- &quot;David Spade is dumb and short.&quot;
Manning even went after fellow quarterback Tom Brady&apos;s &quot;Deflate-gate&quot; scandal, joking to Lowe, &quot;You tried to take the air out of my retirement announcement so fast, you can probably be Tom Brady&apos;s ball boy.&quot;
5. Pete Davidson got a lot of jokes about how his father died on 9/11... for better or worse.
OK, we know nothing is off limits at a roast, but this was tough!
Davidson gave a master class in catharsis when at last year&apos;s Comedy Central Roast of Justin Bieber , the SNL actor brought up that his father had been killed in the September 11, 2001, terrorist attacks.
That opened the door for several references to the tragedy on this year&apos;s Roast stage. Davidson took it in stride, but the audience really didn&apos;t know how to feel about it.
WATCH: John Stamos Hilariously Gets Mistaken for Rob Lowe While on Vacation -- See His Reaction!
6. Rob Lowe and Amy Poehler had a Parks and Recreation reunion.
Leslie Knope FTW!
We only got a cameo from Poehler during the intro, when she played the devil from whom Rob Lowe had made a deal with to get famous, but it was still nice to see our fellow Pawneeans back together again!
Hope you had a good time, Mr. Lowe!
This article was originally published on Aug. 28, 2016 at 11:20 am PDT.
EXCLUSIVE: Rob Lowe on Agreeing to Be Comedy Central&apos;s Next Roast Victim
Related Articles
Reese Witherspoon Rocks Bright Pink Bikini Katharine McPhee Adopts Adorable New Pup Kate Hudson Gets Cheeky
</topic_text>
<spam_score>0.03</spam_score>
<post_num>11</post_num>
<post_id>post-11</post_id>
<post_url>https://tv.yahoo.com/news/6-shocking-moments-rob-lowe-182000080.html</post_url>
<post_date>20160907</post_date>
<post_time>1408</post_time>
<username>Boo</username>
<post>
THIS ROAST STUNK
</post>
<signature>

</signature>
<external_links>

</external_links>
<country>US</country>
<main_image>https://s.yimg.com/uu/api/res/1.2/bSobc2Z45ZdDA_qCOukU5w--/aD0zNjA7dz02NDA7c209MTthcHBpZD15dGFjaHlvbg--/http://media.zenfs.com/en-US/homerun/etonline.tv/5066cdc0fb2f938fad719eb78ce1aabd</main_image>
</document>
