<?xml version="1.0" encoding="UTF-8"?>
<document>
<type>mainstream</type>
<forum>http://www.theguardian.com/theguardian/2014/mar/05/mainsection/rss</forum>
<forum_title>The Guardian</forum_title>
<discussion_title>It won’t be easy, but there may still be a way to end Syria’s agony | Jonathan Freedland | Opinion</discussion_title>
<language>english</language>
<gmt_offset></gmt_offset>
<topic_url>https://www.theguardian.com/commentisfree/2016/sep/07/syria-agony-can-be-ended-if-us-russia-reach-deal</topic_url>
<topic_text>
Y ou read of the latest suspected chlorine attacks on Syrian civilians , which activists and rescue workers say came in the form of barrel bombs dropped on Aleppo by a helicopter pilot serving Bashar al-Assad. You see the pictures showing children clutching oxygen masks , grasping for breath. You see people hosing down the young and naked, desperate to wash away any trace of the burning, stinging chemical.
Syrian government &apos;drops chlorine gas&apos; on rebel-held part of Aleppo Read more 
You read today’s Unicef report , showing that children now make up half of the world’s refugees and that half of the child refugees under UN protection come from Syria (along with Afghanistan).
You read all this and you wonder, how long will Syria’s agony last? Can anything be done, or will those children just have to wait until this conflict burns itself out, until all the multiple factions and proxy armies exhaust themselves, even if that takes another five years of bloodshed – or another five years after that?
As always, the smart money is on inaction. The realistic, worldly wise and grownup view says that nothing will be done. The rivalries on the ground and the competing interests of the region’s players and patrons are just too tangled and intense to be solved any time soon. If you’re the betting type, you’d wager that today’s meeting of Syrian opposition groups in London – the so-called High Negotiation Committee (HNC), comprised of more than 30 political and military forces – will achieve precisely nothing.
The HNC’s blueprint does put the lie to the notion that the only options are jihadist brutality or murderous Ba’athism

After all, the US and Russia negotiated for months seeking a way forward, and yet when Barack Obama and Vladimir Putin met at the G20 in Hangzhou on Monday – a meeting that, it was once hoped, might seal a Syria deal – they could only announce that, as Obama put it, “gaps of trust” remained between them.
You can see why diplomats are coming to view Syria as not just intractable, but insoluble. Just when you think you can see a clear set of threads that might be untangled, you find several more stubborn knots. To take just one example: Turkey seems like a useful ally in wresting territory from Islamic State – but it insists on also raining fire on the very Kurdish groups, backed by the US, who have been most effective in confronting Isis. So Kurdish fighters help free a Syrian city like Manbij from rule by the so-called Islamic State – prompting last month’s stirring scenes of civilians celebrating their liberation from tyranny – only for those same fighters then to face attack from Turkey.
So it is maddeningly complex. And yet there are surely grounds to oppose the fatalism and defeatism that governs most thinking about Syria .
First, it long used to be said that Syria was impossible because it represented a choice between two evils: Assad or Isis. But the coalition of opposition groups assembled today in London, just like the forces who freed Manbij, demonstrate that there is another way. The HNC’s blueprint for a pluralist, democratic Syrian future may look like a fantasy now, but it does put the lie to the notion that the country’s only options are jihadist brutality or murderous Ba’athism.
Nearly half of all refugees are children, says Unicef Read more 
Second, something else happened at this week’s G20. Lost among the reports of diplomatic (and undiplomatic) spats, the icy stares and the “son of a whore” insults, was the fact that the US and China formalised their joint commitment to reduce carbon emissions and combat climate change. Now if those two superpowers can overcome all their multiple tensions and frictions to collaborate on that, it surely cannot be beyond the US and Russia to construct some kind of plan for Syria – centred on Moscow using its influence over Assad.
Of course it will be difficult. But so was the agreement on global warming. We cannot let our diplomats and politicians give up on Syria. If we do, we are condemning those children – and their parents – who have faced five years of unimaginable bloodshed to keep on suffering. For another year and another year and, who knows, another year after that.
</topic_text>
<spam_score>0.00</spam_score>
<post_num>34</post_num>
<post_id>post-34</post_id>
<post_url>https://www.theguardian.com/commentisfree/2016/sep/07/syria-agony-can-be-ended-if-us-russia-reach-deal#comment-82781715</post_url>
<post_date>20160907</post_date>
<post_time>2212</post_time>
<username>leanttotheleft</username>
<post>
As I said earlier, before being moderated, this article is mostly rhetoric
The only bit I couldn&apos;t have written myself with my own knowledge of the Syrian conflict concerns this &apos;HNC&apos; who I have never heard of before.
But Freedland doesn&apos;t go into any details about which groups are represented on this committee, the personalities involved, their background in the civil war, their relative capabilities and who may be backing them so I reckon I could have winged it talking about the HNC as well if someone had given me a one paragraph briefing about the meeting today.
</post>
<signature>

</signature>
<external_links>

</external_links>
<country>US</country>
<main_image>https://i.guim.co.uk/img/media/a810f3d2f4e72a9511decb2a5db493517a356c1f/0_222_3648_2189/3648.jpg?w=1200&amp;amp;h=630&amp;amp;q=55&amp;amp;auto=format&amp;amp;usm=12&amp;amp;fit=crop&amp;amp;bm=normal&amp;amp;ba=bottom%2Cleft&amp;amp;blend64=aHR0cHM6Ly91cGxvYWRzLmd1aW0uY28udWsvMjAxNi8wNS8yNS9vdmVybGF5LWxvZ28tMTIwMC05MF9vcHQucG5n&amp;amp;s=f48334954504751de48fd70a9a64eb1b</main_image>
</document>
