<?xml version="1.0" encoding="UTF-8"?>
<document>
<type>mainstream</type>
<forum>http://notiziarioitaliano.it/calcio.5.c.html</forum>
<forum_title>calcio - NotiziarioItaliano</forum_title>
<discussion_title>La Figc sui saluti romani &quot;Si trovino i colpevoli&quot; ft</discussion_title>
<language>italian</language>
<gmt_offset></gmt_offset>
<topic_url>http://notiziarioitaliano.it/La_Figc_sui_saluti_romani__Si_trovino_i_colpevoli__ft.1230c7deb3.a.html</topic_url>
<topic_text>
In una telefonata con l&apos;ambasciatore italiano in Israele il numero uno della Figc ha condannato il gesto: &quot;Auspichiamo che le autorità competenti possano al più presto accertare quanto accaduto&quot;. E c&apos;è il timore di incorrere in una sanzione Nazionale, Tavecchio si scusa per i saluti romani: &quot;Ferma condanna, individueremo i colpevoli&quot; ROMA - Era il gesto di tre imbecilli. Ora rischia di diventare un caso internazionale. Il saluto romano di tre ultras dell&apos;Italia ad Haifa, durante israele-Italia, ha reso necessario l&apos;intervento del presidente della Figc Carlo Tavecchio. &quot;Condanniamo fermamente quanto accaduto lunedì sera allo Stadio di Haifa&quot;. Il commento del numero uno federale, al telefono con l&apos;ambasciatore italiano in Israele Francesco Maria Talò. Sottolineando come, eccezion fatta per i tre soggetti sotto accusa, il resto della tifoseria abbia mostrato partecipazione, rispetto e entusiasmo, ha poi aggiunto: &quot;Auspichiamo che le autorità competenti possano al più presto accertare quanto accaduto e individuare i responsabili&quot;. Israele-Italia, il saluto romano di alcuni italiani durante l&apos;inno L&apos;episodio rischia di costare caro: la Fifa non ha ancora aperto un&apos;indagine, ma episodi simili, nel recente passato, sono spesso costati cari a livello internazionale. Di certo i tre rischiano una lunghissima squalifica (in germania per un caso analogo un tifoso è stato cacciato dagli stadi per 6 anni). Ma il timore della Federcalcio è di incorrere in una sanzione.
</topic_text>
<spam_score>0.00</spam_score>
<post_num>1</post_num>
<post_id>post-1</post_id>
<post_url>http://notiziarioitaliano.it/La_Figc_sui_saluti_romani__Si_trovino_i_colpevoli__ft.1230c7deb3.a.html</post_url>
<post_date>20160907</post_date>
<post_time>2120</post_time>
<username>repubblica</username>
<post>
In una telefonata con l&apos;ambasciatore italiano in Israele il numero uno della Figc ha condannato il gesto: &quot;Auspichiamo che le autorità competenti possano al più presto accertare quanto accaduto&quot;. E c&apos;è il timore di incorrere in una sanzione Nazionale, Tavecchio si scusa per i saluti romani: &quot;Ferma condanna, individueremo i colpevoli&quot; ROMA - Era il gesto di tre imbecilli. Ora rischia di diventare un caso internazionale. Il saluto romano di tre ultras dell&apos;Italia ad Haifa, durante israele-Italia, ha reso necessario l&apos;intervento del presidente della Figc Carlo Tavecchio. &quot;Condanniamo fermamente quanto accaduto lunedì sera allo Stadio di Haifa&quot;. Il commento del numero uno federale, al telefono con l&apos;ambasciatore italiano in Israele Francesco Maria Talò. Sottolineando come, eccezion fatta per i tre soggetti sotto accusa, il resto della tifoseria abbia mostrato partecipazione, rispetto e entusiasmo, ha poi aggiunto: &quot;Auspichiamo che le autorità competenti possano al più presto accertare quanto accaduto e individuare i responsabili&quot;. Israele-Italia, il saluto romano di alcuni italiani durante l&apos;inno L&apos;episodio rischia di costare caro: la Fifa non ha ancora aperto un&apos;indagine, ma episodi simili, nel recente passato, sono spesso costati cari a livello internazionale. Di certo i tre rischiano una lunghissima squalifica (in germania per un caso analogo un tifoso è stato cacciato dagli stadi per 6 anni). Ma il timore della Federcalcio è di incorrere in una sanzione.
</post>
<signature>

</signature>
<external_links>

</external_links>
<country>IT</country>
<main_image></main_image>
</document>
