<?xml version="1.0" encoding="UTF-8"?>
<document>
<type>mainstream</type>
<forum>http://cdn.auntminnieeurope.com/rss/rss.aspx</forum>
<forum_title>AuntMinnieEurope.com Headlines</forum_title>
<discussion_title>German insurer adds echotherapy reimbursement</discussion_title>
<language>english</language>
<gmt_offset></gmt_offset>
<topic_url>http://www.auntminnieeurope.com/index.aspx?sec=nws&amp;amp;sub=rad&amp;amp;pag=dis&amp;amp;itemid=613412</topic_url>
<topic_text>
  German insurer adds echotherapy reimbursement September 7, 2016 -- Add one more German company to the list of insurers that will reimburse for echotherapy procedures.  
</topic_text>
<spam_score>0.00</spam_score>
<post_num>1</post_num>
<post_id>post-1</post_id>
<post_url>http://www.auntminnieeurope.com/index.aspx?sec=nws&amp;amp;sub=rad&amp;amp;pag=dis&amp;amp;itemid=613412</post_url>
<post_date>20160907</post_date>
<post_time>1729</post_time>
<username></username>
<post>
  German insurer adds echotherapy reimbursement September 7, 2016 -- Add one more German company to the list of insurers that will reimburse for echotherapy procedures.  
</post>
<signature>

</signature>
<external_links>

</external_links>
<country>US</country>
<main_image></main_image>
</document>
