<?xml version="1.0" encoding="UTF-8"?>
<document>
<type>mainstream</type>
<forum>http://notisistema.com//noticias/?feed=rss2&amp;category_name=economia</forum>
<forum_title>Economía – Notisistema</forum_title>
<discussion_title>Dólar avanza 10 centavos; cierra en 18.70 pesos</discussion_title>
<language>spanish</language>
<gmt_offset></gmt_offset>
<topic_url>http://www.notisistema.com/noticias/dolar-avanza-10-centavos-cierra-en-18-70-pesos/</topic_url>
<topic_text>
Dólar avanza 10 centavos; cierra en 18.70 pesos   15:09 - 910586 En: Economía - Comentarios 
El dólar estadounidense recuperó terreno ante la moneda nacional, al venderse en 18.70 pesos, es decir, 10 centavos más respecto a la sesión previa. Al cierre de operaciones en bancos de la Ciudad de México, el billete verde se compró en un mínimo de 17 pesos con 79 centavos. En tanto, el euro se vendió en un máximo de 20.96 pesos, un incremento de 11 centavos respecto a la jornada anterior. (Foto: Archivo)
</topic_text>
<spam_score>0.00</spam_score>
<post_num>1</post_num>
<post_id>post-1</post_id>
<post_url>http://www.notisistema.com/noticias/dolar-avanza-10-centavos-cierra-en-18-70-pesos/</post_url>
<post_date>20160907</post_date>
<post_time>2009</post_time>
<username>Monica</username>
<post>
Dólar avanza 10 centavos; cierra en 18.70 pesos   15:09 - 910586 En: Economía - Comentarios 
El dólar estadounidense recuperó terreno ante la moneda nacional, al venderse en 18.70 pesos, es decir, 10 centavos más respecto a la sesión previa. Al cierre de operaciones en bancos de la Ciudad de México, el billete verde se compró en un mínimo de 17 pesos con 79 centavos. En tanto, el euro se vendió en un máximo de 20.96 pesos, un incremento de 11 centavos respecto a la jornada anterior. (Foto: Archivo)
</post>
<signature>

</signature>
<external_links>

</external_links>
<country>US</country>
<main_image>http://noti.notisistema.netdna-cdn.com/noticias/wp-content/media/2016/05/dolar-10.jpg</main_image>
</document>
