<?xml version="1.0" encoding="UTF-8"?>
<document>
<type>mainstream</type>
<forum>http://packablesunhats.com/feed/</forum>
<forum_title>Packable Sun Hats</forum_title>
<discussion_title>Picnic Time Soccer Design Portable Folding Table/Seats (Black)</discussion_title>
<language>english</language>
<gmt_offset></gmt_offset>
<topic_url>http://packablesunhats.com/picnic-time-soccer-design-portable-folding-tableseats-black/.html</topic_url>
<topic_text>
Picnic Time sports theme portable folding table with bench seats for four Durable aluminum frame with easy-to-clean ABS construction Look for Picnic Time multi-striped umbrella (sold separately) that fits into the integrated hole in the center Dimensions when set up: 54 by 33-1/2 by 25-3/4 Collapses to suitcase size for easy transport 
Perfect for camping, the backyard or park, or even the game room, this Picnic Time portable folding table features a compact fold-out table with bench seats for four that you can take anywhere; when not in use, it collapses into an easy-to-transport suitcase-size. This table and chairs unit has a maximum weight capacity of 250 pounds per seat and 20 pounds for the table, and is constructed of ABS plastic, making it is easy to clean, while the frame has an aluminum alloy construction for durabili 
Suitcase Picnic Table This entry was posted in Uncategorized and tagged black , design , Folding , Picnic , Portable , Soccer , Table/Seats , Time on by .
</topic_text>
<spam_score>0.00</spam_score>
<post_num>1</post_num>
<post_id>post-1</post_id>
<post_url>http://packablesunhats.com/picnic-time-soccer-design-portable-folding-tableseats-black/.html</post_url>
<post_date>20160907</post_date>
<post_time>2115</post_time>
<username></username>
<post>
Picnic Time sports theme portable folding table with bench seats for four Durable aluminum frame with easy-to-clean ABS construction Look for Picnic Time multi-striped umbrella (sold separately) that fits into the integrated hole in the center Dimensions when set up: 54 by 33-1/2 by 25-3/4 Collapses to suitcase size for easy transport 
Perfect for camping, the backyard or park, or even the game room, this Picnic Time portable folding table features a compact fold-out table with bench seats for four that you can take anywhere; when not in use, it collapses into an easy-to-transport suitcase-size. This table and chairs unit has a maximum weight capacity of 250 pounds per seat and 20 pounds for the table, and is constructed of ABS plastic, making it is easy to clean, while the frame has an aluminum alloy construction for durabili 
Suitcase Picnic Table This entry was posted in Uncategorized and tagged black , design , Folding , Picnic , Portable , Soccer , Table/Seats , Time on by .
</post>
<signature>

</signature>
<external_links>

</external_links>
<country>US</country>
<main_image>http://packablesunhats.com/wp-content/plugins/WPRobot3/images/buynow-small.gif</main_image>
</document>
