<?xml version="1.0" encoding="UTF-8"?>
<document>
<type>mainstream</type>
<forum>http://notiziarioitaliano.it/sport.12.c.html</forum>
<forum_title>sport - NotiziarioItaliano</forum_title>
<discussion_title>Vuelta, Frank fa il colpo in salita: Quintana resta leader</discussion_title>
<language>italian</language>
<gmt_offset></gmt_offset>
<topic_url>http://notiziarioitaliano.it/Vuelta__Frank_fa_il_colpo_in_salita__Quintana_resta_leader.12309107c1.a.html</topic_url>
<topic_text>
Lo svizzero ntra in una lunga fuga di giornata e arriva solo in vetta all&apos;ascesa finale. Ci prova anche Cataldo, ma alla fine è quinto. I primi quattro delle generale di danno battaglia, ma a conti fatti non cambia nulla Vuelta, Frank fa il colpo in salita: Quintana resta leader ROMA - La lunga preparazione prima della scossa. Dopo la sosta, la Vuelta propone un suo classico: frazione dal percorso movimentato e soprattutto un finale mozzafiato. La diciassettesima tappa vive sulle pendenze assassine verso il traguardo di Camins del Penyagolosa: una media del 13%, punte del 22%. Il migliore interprete è Mathias Frank (Iam): lo svizzero fa parte di un nutrito drappello di attaccanti, riesce ad arrivare solitario grazie ad una combinazione di scelte. Attacca prima dell&apos;assalto finale, poi riesce a mantenere una manciata di secondi sul ceco Konig e l&apos;olandese Gesink. Quando Frank parte, viene in mente l&apos;edizione di 4 anni or sono, per la precisione una salita più lunga ma con punte di pendenza simili: quella di Cuitunigru. Lì Dario Cataldo visse un momento di esaltazione assoluta, qui prova il bis facendo compagnia al vincitore. Un gioco di anticipo che stavolta però non gli riesce: l&apos;italiano non crolla, ma non riesce a trovare passo e rapporto giusto per tenere botta nel momento della verità. Per lui comunque un ottimo quinto posto. La classifica generale, almeno per le zone più pregiate, non ravvisa modifiche significative. Il colombiano Nairo Quintana resta in maglia rossa: per lui una giornata di controllo più o meno tranquillo. Decisamente più intensa la lotta per il podio, che conferma quanto emerso nei capitoli precedenti. Il più affannato è Froome, poco brillante nei tratti cattivi ma comunque capace di attivare il frullatore per non perdere terreno e tenersi il secondo posto. Il più costante è Chaves, che però manca del salto di qualità per roschicchiare al britannico quella ventina di secondi che gli basterebbero. Il più elegante è al solito Alberto Contador: accende la miccia per primo, soffre, rilancia. Alla fine è pari e patta, ma se Quintana non fa sciocchezze la lotta più incerta degli ultimi giorni sarà proprio quella per il secondo posto. &quot;Ho visto Froome un po&apos; dietro ed ho provato a fare la differenza, anche se non ci sono riuscito -spiega Contador-. Non sapevo come le gambe avrebbero reagito al giorno di riposo, ora mi concentrerò sulla cronometro (37 km, in programma venerdì), che è molto tecnica&quot;. Qualche cenno di cronaca. Il ritiro eccellente è quello di Tejay Van Garderen, anche se lo statunitense non rappresentava certo una star della classifica, a oltre due ore e mezzo dalla maglia rossa. A proposito di Quintana, manda due luogotenenti nella fuga, al pari di Chaves e Froome. Solo la squadra di Contador, tra i big, inserisce uno solo rappresentante, Gogl. Il copione prosegue fino all&apos;assalto della salita finale. Frank e Cataldo la prendono con una ventina di secondi di margine, come è andata lo abbiamo già detto. Dietro probabilmente si muovono con un po&apos; di ritardo. Del resto le pendenze sono tali che sbagliare i tempi è fatale. Ad esempio Gesink ad un certo punto dà l&apos;impressione di mettere Frank nel mirino, ma più vicino allo svizzero va un uomo di Froome, quel Konig che sui Pirenei era arrivato fuori tempo massimo (con lui altri 92) prima della gentile riammissione: misteri della Vuelta. ORDINE D&apos;ARRIVO 1. Mathias Frank (Sui, Iam) in 4h34&apos;38&quot; 2. Leopold Konig (Cze, Sky) a 00&apos;06&quot; 3. Robert Gesink (Ned, Lotto) a 00&apos;11&quot; 4. Pello Bilbao (Esp) a 00&apos;14&quot; 5. Dario Cataldo (Ita) a 00&apos;16&quot; 6. Jose Herrada (Esp) a 00&apos;29&quot; 7. Axel Domont (Fra) a 00&apos;48&quot; 8. Bart De Clercq (Bel) a 00&apos;57&quot; 9. Krisijan Durasek (Cro) a 01&apos;02&quot; 10. Haimar Zubeldia (Esp) a 01&apos;04&quot; 18. Kristian Sbaragli (Ita) a 01&apos;49&quot; 24. Alberto Contador (Esp) a 03&apos;27&quot; 25. Christopher Froome (Gbr) s.t. 26. Nairo Quintana (Col) s.t. 27. Johan Esteban Chaves (Col) s.t. 30. Michele Scarponi (Ita) a 04&apos;16&quot; CLASSIFICA GENERALE 1. Nairo Quintana (Col, Movistar) in 69h35&apos;32&quot; 2. Christopher Froome (Gbr, Sky) a 03&apos;37&quot; 3. Johan Esteban Chaves (Col, Orica) a 03&apos;57&quot; 4. Alberto Contador (Esp) a 04&apos;02&quot; 5. Simon Yates (Gbr) a 06&apos;03&quot; 6. Andrew Talansky (Usa) a 07&apos;34&quot; 7. Samuel Sanchez (Esp) a 08&apos;12&quot; 8. Davide Formolo (Ita) a 08&apos;13&quot; 9. Michele Scarponi (Ita) a 08&apos;28&quot; 10. David De La Cruz (Esp) a 08&apos;52&quot;
</topic_text>
<spam_score>0.00</spam_score>
<post_num>1</post_num>
<post_id>post-1</post_id>
<post_url>http://notiziarioitaliano.it/Vuelta__Frank_fa_il_colpo_in_salita__Quintana_resta_leader.12309107c1.a.html</post_url>
<post_date>20160907</post_date>
<post_time>2020</post_time>
<username>repubblica</username>
<post>
Lo svizzero ntra in una lunga fuga di giornata e arriva solo in vetta all&apos;ascesa finale. Ci prova anche Cataldo, ma alla fine è quinto. I primi quattro delle generale di danno battaglia, ma a conti fatti non cambia nulla Vuelta, Frank fa il colpo in salita: Quintana resta leader ROMA - La lunga preparazione prima della scossa. Dopo la sosta, la Vuelta propone un suo classico: frazione dal percorso movimentato e soprattutto un finale mozzafiato. La diciassettesima tappa vive sulle pendenze assassine verso il traguardo di Camins del Penyagolosa: una media del 13%, punte del 22%. Il migliore interprete è Mathias Frank (Iam): lo svizzero fa parte di un nutrito drappello di attaccanti, riesce ad arrivare solitario grazie ad una combinazione di scelte. Attacca prima dell&apos;assalto finale, poi riesce a mantenere una manciata di secondi sul ceco Konig e l&apos;olandese Gesink. Quando Frank parte, viene in mente l&apos;edizione di 4 anni or sono, per la precisione una salita più lunga ma con punte di pendenza simili: quella di Cuitunigru. Lì Dario Cataldo visse un momento di esaltazione assoluta, qui prova il bis facendo compagnia al vincitore. Un gioco di anticipo che stavolta però non gli riesce: l&apos;italiano non crolla, ma non riesce a trovare passo e rapporto giusto per tenere botta nel momento della verità. Per lui comunque un ottimo quinto posto. La classifica generale, almeno per le zone più pregiate, non ravvisa modifiche significative. Il colombiano Nairo Quintana resta in maglia rossa: per lui una giornata di controllo più o meno tranquillo. Decisamente più intensa la lotta per il podio, che conferma quanto emerso nei capitoli precedenti. Il più affannato è Froome, poco brillante nei tratti cattivi ma comunque capace di attivare il frullatore per non perdere terreno e tenersi il secondo posto. Il più costante è Chaves, che però manca del salto di qualità per roschicchiare al britannico quella ventina di secondi che gli basterebbero. Il più elegante è al solito Alberto Contador: accende la miccia per primo, soffre, rilancia. Alla fine è pari e patta, ma se Quintana non fa sciocchezze la lotta più incerta degli ultimi giorni sarà proprio quella per il secondo posto. &quot;Ho visto Froome un po&apos; dietro ed ho provato a fare la differenza, anche se non ci sono riuscito -spiega Contador-. Non sapevo come le gambe avrebbero reagito al giorno di riposo, ora mi concentrerò sulla cronometro (37 km, in programma venerdì), che è molto tecnica&quot;. Qualche cenno di cronaca. Il ritiro eccellente è quello di Tejay Van Garderen, anche se lo statunitense non rappresentava certo una star della classifica, a oltre due ore e mezzo dalla maglia rossa. A proposito di Quintana, manda due luogotenenti nella fuga, al pari di Chaves e Froome. Solo la squadra di Contador, tra i big, inserisce uno solo rappresentante, Gogl. Il copione prosegue fino all&apos;assalto della salita finale. Frank e Cataldo la prendono con una ventina di secondi di margine, come è andata lo abbiamo già detto. Dietro probabilmente si muovono con un po&apos; di ritardo. Del resto le pendenze sono tali che sbagliare i tempi è fatale. Ad esempio Gesink ad un certo punto dà l&apos;impressione di mettere Frank nel mirino, ma più vicino allo svizzero va un uomo di Froome, quel Konig che sui Pirenei era arrivato fuori tempo massimo (con lui altri 92) prima della gentile riammissione: misteri della Vuelta. ORDINE D&apos;ARRIVO 1. Mathias Frank (Sui, Iam) in 4h34&apos;38&quot; 2. Leopold Konig (Cze, Sky) a 00&apos;06&quot; 3. Robert Gesink (Ned, Lotto) a 00&apos;11&quot; 4. Pello Bilbao (Esp) a 00&apos;14&quot; 5. Dario Cataldo (Ita) a 00&apos;16&quot; 6. Jose Herrada (Esp) a 00&apos;29&quot; 7. Axel Domont (Fra) a 00&apos;48&quot; 8. Bart De Clercq (Bel) a 00&apos;57&quot; 9. Krisijan Durasek (Cro) a 01&apos;02&quot; 10. Haimar Zubeldia (Esp) a 01&apos;04&quot; 18. Kristian Sbaragli (Ita) a 01&apos;49&quot; 24. Alberto Contador (Esp) a 03&apos;27&quot; 25. Christopher Froome (Gbr) s.t. 26. Nairo Quintana (Col) s.t. 27. Johan Esteban Chaves (Col) s.t. 30. Michele Scarponi (Ita) a 04&apos;16&quot; CLASSIFICA GENERALE 1. Nairo Quintana (Col, Movistar) in 69h35&apos;32&quot; 2. Christopher Froome (Gbr, Sky) a 03&apos;37&quot; 3. Johan Esteban Chaves (Col, Orica) a 03&apos;57&quot; 4. Alberto Contador (Esp) a 04&apos;02&quot; 5. Simon Yates (Gbr) a 06&apos;03&quot; 6. Andrew Talansky (Usa) a 07&apos;34&quot; 7. Samuel Sanchez (Esp) a 08&apos;12&quot; 8. Davide Formolo (Ita) a 08&apos;13&quot; 9. Michele Scarponi (Ita) a 08&apos;28&quot; 10. David De La Cruz (Esp) a 08&apos;52&quot;
</post>
<signature>

</signature>
<external_links>

</external_links>
<country>IT</country>
<main_image></main_image>
</document>
