<?xml version="1.0" encoding="UTF-8"?>
<document>
<type>mainstream</type>
<forum>http://www.abnehmen.com/external.php?type=RSS2</forum>
<forum_title>Abnehmen.com Forum</forum_title>
<discussion_title>Abnehm- bzw. Bewegungspartner in Raum Wetzlar gesucht</discussion_title>
<language>german</language>
<gmt_offset></gmt_offset>
<topic_url>http://www.abnehmen.com/threads/300599-abnehm-bzw-bewegungspartner-in-raum-wetzlar-gesucht</topic_url>
<topic_text>
Gestern, 16:53 Abnehm- bzw. Bewegungspartner in Raum Wetzlar gesucht # 1 dieslchen Abnehm- bzw. Bewegungspartner in Raum Wetzlar gesucht richtig ich suche jemanden, der gerne mehr Bewegung in sein Leben bringen möchte und dadurch dann auch die wenig gewollten Pfunde los werden möchte. Derzeit gehe ich einmal die Woche zum Aquajoggen nach Wetzlar. Komme aus Braunfels. Bewegung schmerzt wegen Arthrose und chronischen Spannungskopfschmerzen. Die vielen Kilos tragen ihr Tröpfchen dazu bei. Also kommt last es uns versuchen, langsam aber sicher runter vom Sofa und den Kilos. LG Abnehm- bzw. Bewegungspartner in Raum Wetzlar gesucht Hallo dieslchen,
</topic_text>
<spam_score>0.00</spam_score>
<post_num>1</post_num>
<post_id>post-1</post_id>
<post_url>http://www.abnehmen.com/threads/300599-abnehm-bzw-bewegungspartner-in-raum-wetzlar-gesucht</post_url>
<post_date>20160907</post_date>
<post_time>1453</post_time>
<username>dieslchen</username>
<post>
Gestern, 16:53 Abnehm- bzw. Bewegungspartner in Raum Wetzlar gesucht # 1 dieslchen Abnehm- bzw. Bewegungspartner in Raum Wetzlar gesucht richtig ich suche jemanden, der gerne mehr Bewegung in sein Leben bringen möchte und dadurch dann auch die wenig gewollten Pfunde los werden möchte. Derzeit gehe ich einmal die Woche zum Aquajoggen nach Wetzlar. Komme aus Braunfels. Bewegung schmerzt wegen Arthrose und chronischen Spannungskopfschmerzen. Die vielen Kilos tragen ihr Tröpfchen dazu bei. Also kommt last es uns versuchen, langsam aber sicher runter vom Sofa und den Kilos. LG Abnehm- bzw. Bewegungspartner in Raum Wetzlar gesucht Hallo dieslchen,
</post>
<signature>

</signature>
<external_links>

</external_links>
<country>DE</country>
<main_image>http://www.abnehmen.com/images/abnehmen/misc/abnehmen_OG_google.gif</main_image>
</document>
