<?xml version="1.0" encoding="UTF-8"?>
<document>
<type>mainstream</type>
<forum></forum>
<forum_title></forum_title>
<discussion_title>Saja-aastane Poirot seikleb endiselt - Eesti Päevaleht</discussion_title>
<language>estonian</language>
<gmt_offset></gmt_offset>
<topic_url>http://epl.delfi.ee/news/kultuur/saja-aastane-poirot-seikleb-endiselt?id=75559681</topic_url>
<topic_text>
Katariina Rebane , katariina.rebane@epl.ee Eesti Päevaleht Ehkki Hercule Poirot’ (fotol David Suchet telesarja osas, mis räägib Poirot’ elu lõpust) tegelaskuju on surnud, elab ta uutes raamatutes edasi. Foto: AP/SCANPIX Uues krimiromaanis „Suletud kirst” lahendab taas mõrvamüsteeriume detektiiv Hercule Poirot. 
Äsja ilmus üle maailma ja ka Eestis Sophie Hannah’ romaan „Suletud kirst”, mis tähistab Agatha Christie kuulsaima tegelase Hercule Poirot’ avalikkuse ette ilmumisest saja aasta möödumist. 2014. aastal ilmus Hannah’ sulest Poirot’ raamat „Monogrammimõrvad”. Kirjastuse Varrak peatoimetaja Krista Kaera sõnul ei ole veel teada, kas nüüd hakkabki iga paari aasta tagant ilmuma uus Poirot’ romaan, ega seegi, kui palju uusversioone tuleb. „Arvan, et ei ole otsustatud, kui palju neid tuleb. Ka see, et Hannah nüüd teise raamatu kirjutas, selgus pärast seda, kui ta oli juba eelmise avaldanud,” ütles Kaer. Ta lisas, et Hannah on kõrgelt hinnatud kirjanik ja väga hea luuletaja, kes ei soovi tõenäoliselt ainult Poirot’ raamatutele pühenduda. 
Kaer ei usu, et kui Hannah peaks loobuma järgmiste raamatute kirjutamisest, haaraks teatepulga järgmine autor. „Agatha Christie järeltulijad hoiavad sellel kõvasti silma peal ja Sophie Hannah valiti välja pärast üsna pikka kaalumist. Praegu ei ole veel ükskõik kellel tänavalt võimalik hakata Christie raamatuid kirjutama, nii nagu Sherlock Holmesiga juhtus, kus Arthur Conan Doyle’i tegelaskujude ainetel ilmub iga aasta midagi,” rääkis Kaer. 
</topic_text>
<spam_score>0.58</spam_score>
<post_num>1</post_num>
<post_id>post-1</post_id>
<post_url>http://epl.delfi.ee/news/kultuur/saja-aastane-poirot-seikleb-endiselt?id=75559681</post_url>
<post_date>20160908</post_date>
<post_time></post_time>
<username></username>
<post>
Katariina Rebane , katariina.rebane@epl.ee Eesti Päevaleht Ehkki Hercule Poirot’ (fotol David Suchet telesarja osas, mis räägib Poirot’ elu lõpust) tegelaskuju on surnud, elab ta uutes raamatutes edasi. Foto: AP/SCANPIX Uues krimiromaanis „Suletud kirst” lahendab taas mõrvamüsteeriume detektiiv Hercule Poirot. 
Äsja ilmus üle maailma ja ka Eestis Sophie Hannah’ romaan „Suletud kirst”, mis tähistab Agatha Christie kuulsaima tegelase Hercule Poirot’ avalikkuse ette ilmumisest saja aasta möödumist. 2014. aastal ilmus Hannah’ sulest Poirot’ raamat „Monogrammimõrvad”. Kirjastuse Varrak peatoimetaja Krista Kaera sõnul ei ole veel teada, kas nüüd hakkabki iga paari aasta tagant ilmuma uus Poirot’ romaan, ega seegi, kui palju uusversioone tuleb. „Arvan, et ei ole otsustatud, kui palju neid tuleb. Ka see, et Hannah nüüd teise raamatu kirjutas, selgus pärast seda, kui ta oli juba eelmise avaldanud,” ütles Kaer. Ta lisas, et Hannah on kõrgelt hinnatud kirjanik ja väga hea luuletaja, kes ei soovi tõenäoliselt ainult Poirot’ raamatutele pühenduda. 
Kaer ei usu, et kui Hannah peaks loobuma järgmiste raamatute kirjutamisest, haaraks teatepulga järgmine autor. „Agatha Christie järeltulijad hoiavad sellel kõvasti silma peal ja Sophie Hannah valiti välja pärast üsna pikka kaalumist. Praegu ei ole veel ükskõik kellel tänavalt võimalik hakata Christie raamatuid kirjutama, nii nagu Sherlock Holmesiga juhtus, kus Arthur Conan Doyle’i tegelaskujude ainetel ilmub iga aasta midagi,” rääkis Kaer. 
</post>
<signature>

</signature>
<external_links>

</external_links>
<country>EE</country>
<main_image>http://g4.nh.ee/images/pix/ehkki-hercule-poirot-fotol-david-suchet-telesarja-osas-mis-raagib-poir-75561007.jpg</main_image>
</document>
