<?xml version="1.0" encoding="UTF-8"?>
<document>
<type>mainstream</type>
<forum>http://rssfeeds.wusa9.com/_/20/109260508/WUSA-marylandnews</forum>
<forum_title>WUSA - Maryland</forum_title>
<discussion_title>Survelliance video released in...</discussion_title>
<language>english</language>
<gmt_offset></gmt_offset>
<topic_url>http://rssfeeds.wusa9.com/_/20/109260508/http&amp;#x3a;&amp;#x2f;&amp;#x2f;www&amp;#x2e;wusa9&amp;#x2e;com&amp;#x2f;news&amp;#x2f;local&amp;#x2f;survelliance-video-released-in-rockville-indecent-exposure-incident&amp;#x2f;315264320</topic_url>
<topic_text>
Survelliance video released in Rockville indecent exposure incident WUSA 4:28   
ROCKVILLE, MD (WUSA9) - Surveillance video has been released after an indecent exposure incident that happened on a Ride On bus in Rockville last Wednesday. 
Police are asking the public to help identify the man seen in the video. 
Approximately 1:00 p.m., police say a woman told officers that as she was traveling on a Ride On bus, when a man who was seated near her, grabbed his groin area over his clothing and then exposed himself to her. 
Anyone who recognizes the suspect or who has information about this incident is asked to contact the 6th District Investigative Section at 240-773-5770. For those who wish to remain anonymous, Crime Solvers of Montgomery County is offering a reward of up to $10,000 for any information that leads to the arrest of the suspect. Tipsters can call Crime Solvers of Montgomery County toll-free at 1-866-411-TIPS (8477).
</topic_text>
<spam_score>0.00</spam_score>
<post_num>1</post_num>
<post_id>post-1</post_id>
<post_url>http://rssfeeds.wusa9.com/_/20/109260508/http&amp;#x3a;&amp;#x2f;&amp;#x2f;www&amp;#x2e;wusa9&amp;#x2e;com&amp;#x2f;news&amp;#x2f;local&amp;#x2f;survelliance-video-released-in-rockville-indecent-exposure-incident&amp;#x2f;315264320</post_url>
<post_date>20160907</post_date>
<post_time>2128</post_time>
<username></username>
<post>
Survelliance video released in Rockville indecent exposure incident WUSA 4:28   
ROCKVILLE, MD (WUSA9) - Surveillance video has been released after an indecent exposure incident that happened on a Ride On bus in Rockville last Wednesday. 
Police are asking the public to help identify the man seen in the video. 
Approximately 1:00 p.m., police say a woman told officers that as she was traveling on a Ride On bus, when a man who was seated near her, grabbed his groin area over his clothing and then exposed himself to her. 
Anyone who recognizes the suspect or who has information about this incident is asked to contact the 6th District Investigative Section at 240-773-5770. For those who wish to remain anonymous, Crime Solvers of Montgomery County is offering a reward of up to $10,000 for any information that leads to the arrest of the suspect. Tipsters can call Crime Solvers of Montgomery County toll-free at 1-866-411-TIPS (8477).
</post>
<signature>

</signature>
<external_links>

</external_links>
<country>US</country>
<main_image>http://content.wusa9.com/photo/2016/09/07/image001_1473283627219_5959689_ver1.0_640_360.jpg</main_image>
</document>
