<?xml version="1.0" encoding="UTF-8"?>
<document>
<type>mainstream</type>
<forum>http://www.perhamfocus.com/latest/rss</forum>
<forum_title>| Perham Focus</forum_title>
<discussion_title>Radio Gaga: Ham radio alive and well in lakes country</discussion_title>
<language>english</language>
<gmt_offset></gmt_offset>
<topic_url>http://www.perhamfocus.com/4104871-radio-gaga</topic_url>
<topic_text>
Radio Gaga: Ham radio alive and well in lakes country By Vicki Gerdes Today at 4:17 p.m. Noble and Sudhir “Sunny” Kamath work on picking up an elusive signal. Vicki Gerdes 1 / 4 Carl Noble’s amateur radio “shack” includes a computer that is hooked up directly to his radio equipment so he can use it to trace transmissions and decipher code. Submitted photo 2 / 4 DLARC member John Hovdenes tests out the Zenith Trans-Oceanic radio to see if it’s in proper working order. Vicki Gerdes 3 / 4 Detroit Lakes Amateur Radio Club member Carl Noble has an 80-year-old Morse Code straight keyer and another electronic one, while Noble built with a heathkit, in his ham radio “shack,” which is located in the basement of his New York Mills home; above, this Zenith Trans-Oceanic radio was considered “absolutely top of the line” in 1955, when it was manufactured. Vicki Gerdes 4 / 4 
In one form or another, the phenomenon known as &quot;ham&quot; (i.e., amateur) radio has been around since the late 19th century. 
Though some might say that the advent of digital communication technology has rendered it somewhat obsolete, the hobby is alive and well in Becker County, where the monthly meetings of the Detroit Lakes Amateur Radio Club typically draw upwards of a dozen or more radio enthusiasts. 
According to DLARC vice president Sudhir &quot;Sunny&quot; Kamath, the club has a paid membership of 16, and there are 20 licensed operators in the county, though he believes there are quite a few more than that. 
What makes ham radio so uniquely appealing, he adds, is its diversity, both in terms of membership and areas of interest. 
&quot;You meet people from all walks of life, with many different interests,&quot; he said. &quot;There are so many ways of communicating...that&apos;s what makes it exciting.&quot; 
From low band to high frequency transmissions, Morse code to complex encryptions, taking part in contests or just chatting with fellow &quot;hams&quot; from around the globe... there is no shortage of ways to get involved. 
&quot;I&apos;d rather &apos;talk&apos; in Morse code than verbally, especially overseas,&quot; says Jordell Brose of Detroit Lakes, &quot;because you can communicate with people even if they don&apos;t speak your language.&quot; 
Brose&apos;s main interest is in QRP operation, which refers to transmitting at reduced power — 5 watts or less — while attempting to maximize effective transmission range. Its opposite is QRO, or high-power operation. 
&quot;I like to talk to people,&quot; says Kamath, who was born and raised in India but currently makes his home in Detroit Lakes. &quot;My goal is to talk with someone from every county in the United States — all 3,007 of them. I&apos;m up to about 445 and have confirmed 386. Confirming is always difficult, since you have to receive a postcard or electronic confirmation, which does not always happen. 
&quot;I&apos;ve also talked with people in all 50 states,&quot; he added. 
Dave Johnson, who lives on Long Lost Lake near Bagley, says his interest is in DX--or making two-way radio contact with distant stations. 
A ham radio operator since 1965, Johnson says his most recent project has been helping to set up stations at national parks across the country, as part of &quot;National Parks on the Air,&quot; a celebration of the 100th anniversary of the National Park Service. 
&quot;I&apos;ve done about 10 activations so far,&quot; he said. &quot;I&apos;m also interested in contesting. There&apos;s contests almost every weekend.&quot; 
In a contest, an amateur radio station, which may be operated by an individual or a team, seeks to contact as many other amateur radio stations as possible in a given period of time and exchange information. 
Kamath, who has also been involved in contesting, says he participated in the &quot;Minnesota QSO Party&quot; in 2014 and made 203 contacts with 76 unique counties, states or countries. While in the same contest in 2015, he made 245 contacts with 83 unique counties/states/countries — in both years, the highest score of any operator in Becker County. 
Vince Gangelhoff, who hails from Grand Forks but frequently vacations in Detroit Lakes, says he&apos;s been involved in just about every type of radio communication, from short wave all the way up to the highest frequencies. 
&quot;My interest is in reaching all the states (in the U.S.) with a small loop antenna,&quot; he said. &quot;So far, I&apos;ve reached all but 10.&quot; 
Club member Bob Gilbertson of Barnesville, along with Craig Fontaine and Dan Holm of Detroit Lakes, have all worked with ham radio in their professional careers — Holm and Fontaine are, respectively, the past and present emergency management services (EMS) coordinators for Becker County, while Gilbertson has filled that role for Clay County in the past. 
According to Fontaine, one of the primary functions of a ham radio operator is to assist with communications during natural disasters and other emergency situations. 
One example was during the floods in the Fargo-Moorhead area, when they helped the street department to organize sandbag delivery and placement, as well as helping the Salvation Army to find volunteers and assisting with overall communications. 
&quot;We help free up radios and personnel to get done what they need to get done,&quot; Gilbertson explained. 
During Hurricane Katrina, Fontaine said, there were hundreds of ham radio operators who went in and helped by providing two-way communication in areas where there were downed electric lines and cell phone towers. 
&quot;I went down there and worked with the Red Cross,&quot; says DLARC member John Hovdenes of Detroit Lakes. &quot;I was down there for three weeks, and during the first week to 10 days, the only communication anybody really had was through ham radio... About 10 days after the second hurricane, they started getting the communications infrastructure back up.&quot; 
&quot;We assist with fun things too, like the Ojibwe Forests Rally (which took place this past weekend),&quot; said Fontaine, noting that there were ham radio operators set up along the route to keep race officials and others informed of course conditions, etc. 
Other events that ham radio operators have been involved with in the past include the Third Crossing Sled Dog Rendezvous in Frazee, The Ride Across Minnesota (TRAM) and the Run around Rose Lake. 
Carl Noble, who has a fairly elaborate ham radio &quot;shack&quot; set up in the basement of his New York Mills home, says he has an interest in many different types of radio communication. 
&quot;I love shortwave (communication),&quot; he said. &quot;What I like to do is sit down and listen to shortwave stations all over the world. You get some real wackos — conspiracy theorists and so forth — but they&apos;re great.&quot; 
Kamath says that there are a lot of misconceptions about ham radio, such as the idea that it takes a lot of money to become an operator. Though some, like Noble, have made a significant investment in their equipment, Kamath said that his radio, antenna and power supply unit cost around $600. 
Another misconception is that they need to know Morse code to get a license. 
&quot;When I got into it 50 years ago, you did have to know Morse code,&quot; says Noble. &quot;Now, you don&apos;t need to, because your computer can decode it.&quot; 
Through Skywarn, a program of the National Weather Service, ham radio operators can also get involved with weather spotting, or &quot;storm chasing&quot; — which is how Noble&apos;s daughter Katie became involved. 
&quot;I want to put an antenna in my truck so we can be on the go,&quot; she said, adding, &quot;I&apos;m working on getting my (operator) license.&quot; 
Hovdenes, one of the newest members of the club, says he has his basic, or technician&apos;s, license and is working on getting his general license, in part to realize a dream. 
&quot;What I&apos;m interested in is a backpack outfit, so I can go to the top of a mountain and try to reach whoever I can,&quot; he said. 
Meetings of the DLARC are open to the general public; more information about the club is available at its website, www.w0emz.com , as well as through the Detroit Lakes Amateur Radio Club page on Facebook.
</topic_text>
<spam_score>0.00</spam_score>
<post_num>1</post_num>
<post_id>post-1</post_id>
<post_url>http://www.perhamfocus.com/4104871-radio-gaga</post_url>
<post_date>20160907</post_date>
<post_time>2117</post_time>
<username>Vicki Gerdes</username>
<post>
Radio Gaga: Ham radio alive and well in lakes country By Vicki Gerdes Today at 4:17 p.m. Noble and Sudhir “Sunny” Kamath work on picking up an elusive signal. Vicki Gerdes 1 / 4 Carl Noble’s amateur radio “shack” includes a computer that is hooked up directly to his radio equipment so he can use it to trace transmissions and decipher code. Submitted photo 2 / 4 DLARC member John Hovdenes tests out the Zenith Trans-Oceanic radio to see if it’s in proper working order. Vicki Gerdes 3 / 4 Detroit Lakes Amateur Radio Club member Carl Noble has an 80-year-old Morse Code straight keyer and another electronic one, while Noble built with a heathkit, in his ham radio “shack,” which is located in the basement of his New York Mills home; above, this Zenith Trans-Oceanic radio was considered “absolutely top of the line” in 1955, when it was manufactured. Vicki Gerdes 4 / 4 
In one form or another, the phenomenon known as &quot;ham&quot; (i.e., amateur) radio has been around since the late 19th century. 
Though some might say that the advent of digital communication technology has rendered it somewhat obsolete, the hobby is alive and well in Becker County, where the monthly meetings of the Detroit Lakes Amateur Radio Club typically draw upwards of a dozen or more radio enthusiasts. 
According to DLARC vice president Sudhir &quot;Sunny&quot; Kamath, the club has a paid membership of 16, and there are 20 licensed operators in the county, though he believes there are quite a few more than that. 
What makes ham radio so uniquely appealing, he adds, is its diversity, both in terms of membership and areas of interest. 
&quot;You meet people from all walks of life, with many different interests,&quot; he said. &quot;There are so many ways of communicating...that&apos;s what makes it exciting.&quot; 
From low band to high frequency transmissions, Morse code to complex encryptions, taking part in contests or just chatting with fellow &quot;hams&quot; from around the globe... there is no shortage of ways to get involved. 
&quot;I&apos;d rather &apos;talk&apos; in Morse code than verbally, especially overseas,&quot; says Jordell Brose of Detroit Lakes, &quot;because you can communicate with people even if they don&apos;t speak your language.&quot; 
Brose&apos;s main interest is in QRP operation, which refers to transmitting at reduced power — 5 watts or less — while attempting to maximize effective transmission range. Its opposite is QRO, or high-power operation. 
&quot;I like to talk to people,&quot; says Kamath, who was born and raised in India but currently makes his home in Detroit Lakes. &quot;My goal is to talk with someone from every county in the United States — all 3,007 of them. I&apos;m up to about 445 and have confirmed 386. Confirming is always difficult, since you have to receive a postcard or electronic confirmation, which does not always happen. 
&quot;I&apos;ve also talked with people in all 50 states,&quot; he added. 
Dave Johnson, who lives on Long Lost Lake near Bagley, says his interest is in DX--or making two-way radio contact with distant stations. 
A ham radio operator since 1965, Johnson says his most recent project has been helping to set up stations at national parks across the country, as part of &quot;National Parks on the Air,&quot; a celebration of the 100th anniversary of the National Park Service. 
&quot;I&apos;ve done about 10 activations so far,&quot; he said. &quot;I&apos;m also interested in contesting. There&apos;s contests almost every weekend.&quot; 
In a contest, an amateur radio station, which may be operated by an individual or a team, seeks to contact as many other amateur radio stations as possible in a given period of time and exchange information. 
Kamath, who has also been involved in contesting, says he participated in the &quot;Minnesota QSO Party&quot; in 2014 and made 203 contacts with 76 unique counties, states or countries. While in the same contest in 2015, he made 245 contacts with 83 unique counties/states/countries — in both years, the highest score of any operator in Becker County. 
Vince Gangelhoff, who hails from Grand Forks but frequently vacations in Detroit Lakes, says he&apos;s been involved in just about every type of radio communication, from short wave all the way up to the highest frequencies. 
&quot;My interest is in reaching all the states (in the U.S.) with a small loop antenna,&quot; he said. &quot;So far, I&apos;ve reached all but 10.&quot; 
Club member Bob Gilbertson of Barnesville, along with Craig Fontaine and Dan Holm of Detroit Lakes, have all worked with ham radio in their professional careers — Holm and Fontaine are, respectively, the past and present emergency management services (EMS) coordinators for Becker County, while Gilbertson has filled that role for Clay County in the past. 
According to Fontaine, one of the primary functions of a ham radio operator is to assist with communications during natural disasters and other emergency situations. 
One example was during the floods in the Fargo-Moorhead area, when they helped the street department to organize sandbag delivery and placement, as well as helping the Salvation Army to find volunteers and assisting with overall communications. 
&quot;We help free up radios and personnel to get done what they need to get done,&quot; Gilbertson explained. 
During Hurricane Katrina, Fontaine said, there were hundreds of ham radio operators who went in and helped by providing two-way communication in areas where there were downed electric lines and cell phone towers. 
&quot;I went down there and worked with the Red Cross,&quot; says DLARC member John Hovdenes of Detroit Lakes. &quot;I was down there for three weeks, and during the first week to 10 days, the only communication anybody really had was through ham radio... About 10 days after the second hurricane, they started getting the communications infrastructure back up.&quot; 
&quot;We assist with fun things too, like the Ojibwe Forests Rally (which took place this past weekend),&quot; said Fontaine, noting that there were ham radio operators set up along the route to keep race officials and others informed of course conditions, etc. 
Other events that ham radio operators have been involved with in the past include the Third Crossing Sled Dog Rendezvous in Frazee, The Ride Across Minnesota (TRAM) and the Run around Rose Lake. 
Carl Noble, who has a fairly elaborate ham radio &quot;shack&quot; set up in the basement of his New York Mills home, says he has an interest in many different types of radio communication. 
&quot;I love shortwave (communication),&quot; he said. &quot;What I like to do is sit down and listen to shortwave stations all over the world. You get some real wackos — conspiracy theorists and so forth — but they&apos;re great.&quot; 
Kamath says that there are a lot of misconceptions about ham radio, such as the idea that it takes a lot of money to become an operator. Though some, like Noble, have made a significant investment in their equipment, Kamath said that his radio, antenna and power supply unit cost around $600. 
Another misconception is that they need to know Morse code to get a license. 
&quot;When I got into it 50 years ago, you did have to know Morse code,&quot; says Noble. &quot;Now, you don&apos;t need to, because your computer can decode it.&quot; 
Through Skywarn, a program of the National Weather Service, ham radio operators can also get involved with weather spotting, or &quot;storm chasing&quot; — which is how Noble&apos;s daughter Katie became involved. 
&quot;I want to put an antenna in my truck so we can be on the go,&quot; she said, adding, &quot;I&apos;m working on getting my (operator) license.&quot; 
Hovdenes, one of the newest members of the club, says he has his basic, or technician&apos;s, license and is working on getting his general license, in part to realize a dream. 
&quot;What I&apos;m interested in is a backpack outfit, so I can go to the top of a mountain and try to reach whoever I can,&quot; he said. 
Meetings of the DLARC are open to the general public; more information about the club is available at its website, www.w0emz.com , as well as through the Detroit Lakes Amateur Radio Club page on Facebook.
</post>
<signature>

</signature>
<external_links>

</external_links>
<country>US</country>
<main_image>http://www.perhamfocus.com/sites/default/files/styles/square_300/public/0ByRDl08_nmRkQVB3NGdrejY4WVE_0.jpg?itok=6ldG0m8F</main_image>
</document>
