<?xml version="1.0" encoding="UTF-8"?>
<document>
<type>mainstream</type>
<forum></forum>
<forum_title></forum_title>
<discussion_title>JUHTKIRI: Hüvitis peab omaniku elujärge parandama</discussion_title>
<language>estonian</language>
<gmt_offset></gmt_offset>
<topic_url>http://digileht.maaleht.delfi.ee/arvamus/juhtkiri-huvitis-peab-omaniku-elujarge-parandama?id=75548181</topic_url>
<topic_text>
Ain Alvela JUHTKIRI: Hüvitis peab omaniku elujärge parandama Paarikümne lendorava püsielupaiga loomine ja sellega sisuliselt maa majanduslikust kasutusest välja arvamine on vaid köömes, võrreldes sellega, et nüüd soovib riik manti võtta sadadelt eravalduses olevatelt kinnistutelt, mis Rail Balticu ehitamisele ette jäävad. jaga kommenteeri Ain Alvela Foto: Maaleht Paarikümne lendorava püsielupaiga loomine ja sellega sisuliselt maa majanduslikust kasutusest välja arvamine on vaid köömes, võrreldes sellega, et nüüd soovib riik manti võtta sadadelt eravalduses olevatelt kinnistutelt, mis Rail Balticu ehitamisele ette jäävad. Sadade maaomanikega läbirääkimised vana korra järgi tõotaksid kujuneda aastaid vältavaks kohtuvaidluste kadalipuks. Selle vältimiseks soovib majandus- ja kommunikatsiooniministeerium muuta kinnisasja sundvõõrandamise seadust nõnda, et vaidlusaltidelt omanikelt saaks maatüki kätte juba enne kohtutee lõppemist, et seal siis ehitustöödega pihta hakata. Maaomanikud, kelle valdusi läbivad elektri- või gaasitrassid; kelle maadel on kehtestatud looduskaitselised piirangud või näpistatakse nende põldudelt ribasid kergliiklusteede rajamiseks, tunnetavad otsest ebaõiglust – hüvitis mis tahes piirangute talumise eest on kas suisa olematu või naeruväärselt kasin. Edasi lugemiseks telli Maaleht 
</topic_text>
<spam_score>0.20</spam_score>
<post_num>1</post_num>
<post_id>post-1</post_id>
<post_url>http://digileht.maaleht.delfi.ee/arvamus/juhtkiri-huvitis-peab-omaniku-elujarge-parandama?id=75548181</post_url>
<post_date>20160908</post_date>
<post_time></post_time>
<username>Ain Alvela</username>
<post>
Ain Alvela JUHTKIRI: Hüvitis peab omaniku elujärge parandama Paarikümne lendorava püsielupaiga loomine ja sellega sisuliselt maa majanduslikust kasutusest välja arvamine on vaid köömes, võrreldes sellega, et nüüd soovib riik manti võtta sadadelt eravalduses olevatelt kinnistutelt, mis Rail Balticu ehitamisele ette jäävad. jaga kommenteeri Ain Alvela Foto: Maaleht Paarikümne lendorava püsielupaiga loomine ja sellega sisuliselt maa majanduslikust kasutusest välja arvamine on vaid köömes, võrreldes sellega, et nüüd soovib riik manti võtta sadadelt eravalduses olevatelt kinnistutelt, mis Rail Balticu ehitamisele ette jäävad. Sadade maaomanikega läbirääkimised vana korra järgi tõotaksid kujuneda aastaid vältavaks kohtuvaidluste kadalipuks. Selle vältimiseks soovib majandus- ja kommunikatsiooniministeerium muuta kinnisasja sundvõõrandamise seadust nõnda, et vaidlusaltidelt omanikelt saaks maatüki kätte juba enne kohtutee lõppemist, et seal siis ehitustöödega pihta hakata. Maaomanikud, kelle valdusi läbivad elektri- või gaasitrassid; kelle maadel on kehtestatud looduskaitselised piirangud või näpistatakse nende põldudelt ribasid kergliiklusteede rajamiseks, tunnetavad otsest ebaõiglust – hüvitis mis tahes piirangute talumise eest on kas suisa olematu või naeruväärselt kasin. Edasi lugemiseks telli Maaleht 
</post>
<signature>

</signature>
<external_links>

</external_links>
<country>EE</country>
<main_image>http://g1.nh.ee/images/pix/520x346/Eto5OAskDDg/ain-alvela-75559723.jpg</main_image>
</document>
