<?xml version="1.0" encoding="UTF-8"?>
<document>
<type>mainstream</type>
<forum></forum>
<forum_title></forum_title>
<discussion_title>Mondays With Merlin</discussion_title>
<language>english</language>
<gmt_offset></gmt_offset>
<topic_url>http://catwisdom101.com/mondays-with-merlin/</topic_url>
<topic_text>
| Cats , Merlin , Mondays With Merlin , Secrets of Cats , Shelter Cats 
Death, Digital Diarrhea and Hardest Post Ever Written and not necessarily in that order. All I know is that it’s 4:AM and I’ve struggled to write this for hours. I’ve stirred the pot with dozens of titles and they all stink. Hold you nose and let’s dive in shall we? Do you want the good […] 
</topic_text>
<spam_score>0.00</spam_score>
<post_num>1</post_num>
<post_id>post-1</post_id>
<post_url>http://catwisdom101.com/mondays-with-merlin/</post_url>
<post_date>20160905</post_date>
<post_time></post_time>
<username></username>
<post>
| Cats , Merlin , Mondays With Merlin , Secrets of Cats , Shelter Cats 
Death, Digital Diarrhea and Hardest Post Ever Written and not necessarily in that order. All I know is that it’s 4:AM and I’ve struggled to write this for hours. I’ve stirred the pot with dozens of titles and they all stink. Hold you nose and let’s dive in shall we? Do you want the good […] 
</post>
<signature>

</signature>
<external_links>

</external_links>
<country>US</country>
<main_image></main_image>
</document>
