<?xml version="1.0" encoding="UTF-8"?>
<document>
<type>mainstream</type>
<forum>http://mobile.theeagle.com//search/?q=&amp;t=article&amp;l=100&amp;d=&amp;d1=&amp;d2=&amp;s=start_time&amp;sd=desc&amp;nsa=eedition&amp;c[]=news/nation,news/nation/*&amp;f=rss</forum>
<forum_title>The Eagle - news/nation,news/nation/</forum_title>
<discussion_title>Authorities to build up presence before oil pipeline ruling</discussion_title>
<language>english</language>
<gmt_offset></gmt_offset>
<topic_url>http://www.theeagle.com/news/nation/authorities-to-build-up-presence-before-oil-pipeline-ruling/article_079ac022-056a-5e21-b5f0-29339118bef0.html</topic_url>
<topic_text>
Tom Stromme Authorities to build up presence before oil pipeline ruling 
The Sacred Stones Overflow Camp is growing in size and number as more people arrive at the site along North Dakota Highway 1806 and across the Cannonball River from the Standing Rock Sioux Indian Reservation, Monday, Sept. 5, 2016 in Morton County, N.D. (Tom Stromme/The Bismarck Tribune via AP) Posted: Wednesday, September 7, 2016 2:19 pm | Updated: 3:12 pm, Wed Sep 7, 2016. Authorities to build up presence before oil pipeline ruling Associated Press | 0 comments 
BISMARCK, N.D. (AP) — North Dakota authorities are sending officers from across the state to the site of a protest in anticipation of a federal judge&apos;s ruling on a request by the Standing Rock Sioux to block construction of a four-state oil pipeline. 
U.S. District Judge James Boasberg is expected to rule Friday on the tribe&apos;s request to temporarily stop construction on the Dakota Access pipeline. 
The Morton County Sheriff&apos;s Office said Wednesday in a statement that it&apos;s &quot;preparing and planning for all scenarios that may occur in response to the federal court ruling.&quot; The statement didn&apos;t say how many officers were being added. 
No law enforcement personnel were present Saturday when violence broke out between private security guards and protesters. Authorities say the crowd dispersed when officers arrived and no one was arrested. Discuss Print
</topic_text>
<spam_score>0.00</spam_score>
<post_num>1</post_num>
<post_id>post-1</post_id>
<post_url>http://www.theeagle.com/news/nation/authorities-to-build-up-presence-before-oil-pipeline-ruling/article_079ac022-056a-5e21-b5f0-29339118bef0.html</post_url>
<post_date>20160907</post_date>
<post_time>1919</post_time>
<username>JAMES MacPHERSON Associated Press</username>
<post>
Tom Stromme Authorities to build up presence before oil pipeline ruling 
The Sacred Stones Overflow Camp is growing in size and number as more people arrive at the site along North Dakota Highway 1806 and across the Cannonball River from the Standing Rock Sioux Indian Reservation, Monday, Sept. 5, 2016 in Morton County, N.D. (Tom Stromme/The Bismarck Tribune via AP) Posted: Wednesday, September 7, 2016 2:19 pm | Updated: 3:12 pm, Wed Sep 7, 2016. Authorities to build up presence before oil pipeline ruling Associated Press | 0 comments 
BISMARCK, N.D. (AP) — North Dakota authorities are sending officers from across the state to the site of a protest in anticipation of a federal judge&apos;s ruling on a request by the Standing Rock Sioux to block construction of a four-state oil pipeline. 
U.S. District Judge James Boasberg is expected to rule Friday on the tribe&apos;s request to temporarily stop construction on the Dakota Access pipeline. 
The Morton County Sheriff&apos;s Office said Wednesday in a statement that it&apos;s &quot;preparing and planning for all scenarios that may occur in response to the federal court ruling.&quot; The statement didn&apos;t say how many officers were being added. 
No law enforcement personnel were present Saturday when violence broke out between private security guards and protesters. Authorities say the crowd dispersed when officers arrived and no one was arrested. Discuss Print
</post>
<signature>

</signature>
<external_links>

</external_links>
<country>US</country>
<main_image>http://bloximages.chicago2.vip.townnews.com/theeagle.com/content/tncms/assets/v3/editorial/c/c5/cc5ae6be-7838-5451-9afa-ce6fb53fcb34/57d06b5ead2ed.image.jpg?resize=512%2C340</main_image>
</document>
