<?xml version="1.0" encoding="UTF-8"?>
<document>
<type>mainstream</type>
<forum>http://www.mcall.com//travel/rss2.0.xml</forum>
<forum_title>Travel - The Morning Call</forum_title>
<discussion_title>Trips</discussion_title>
<language>english</language>
<gmt_offset></gmt_offset>
<topic_url>http://www.mcall.com/travel/daytrips/mc-trips-0703-20160702-story.html</topic_url>
<topic_text>
DAY TRIPPIN&apos;
•Peddler&apos;s Village, Murder Mystery play, Sept. 22. $76.Notre Dame of Bethlehem 55+ Club, Joyce, 610-866-0360.
•Culinary Institute of America , Vanderbilt Mansion and gardens, Hyde Park, N.Y., Sept. 14. $105. Parkland Garden Club, Mary Ann, 518-728-3988.
• Theater, Nov. 26. $110. Pen Argyl Alumni Association, Bill, 610-863-6297.
•&quot;Rock, Roll &amp; Soul,&quot; Hunterdon Hills, Aug. 11. $87. Notre Dame of Bethlehem 55+ Club, Joyce, 610-866-0360.
•&quot;School of Rock,&quot; Broadway, Dec. 4. $200, nonmembers; $150, members. Jewish Community Center, Tracy, 610-435-3571.
 Aug. 12. $99; $64, ages 12 and under. Deadline: July 3. Mountain View Wesleyan Church, Loretta, 610-837-6671.
•&quot;Pertfect Wedding,&quot; Rainbow Dinner Theatre, July 28. $70. &quot;Josiah for President,&quot; Bird in Hand, Aug. 4. $70. Lower Macungie
•Atlantic City Air Show, Aug. 17. $58. Sears Retirees, Dick, 610-434-7750.
•Longwood Gardens and QVC tour, Dec. 3. $104. Salisbury Township, 610-797-4000.
•Intrepid Sea, Air and Space Museum, 911 Memorial Museum, Aug. 27. $89. Lehigh Valley Active Life, 610-437-3700.
 Aug. 10. $99. Rail &amp; Paddle Wheels, train ride and boat ride, Sept. 28. $94. St. Elizabeth&apos;s Golden Agers, Irene, 610-264-3721.
•&quot;Playhouse Christmas,&quot; Hunterdon Hills, Dec. 13. $93. St. Elizabeth&apos;s Golden Agers, Charlette, 484-264-7723.
• Yankees vs. Red Sox , Yankee Stadium, July 16. $95. Phillies vs. Cardinals , Citizens Bank Park, Aug. 20. $65. &quot;Samson,&quot; Sight &amp; Sound, Kettle Kitchen, Aug. 31. $95; $65, ages 12 and under. Emmanuel United Methodist Church, Jeff, 484-264-6265.
•Yankee Games: July 23, Giants ; Aug. 27, Orioles. $90 per game. MLB Hall of Fame, Cooperstown, N.Y., Oct. 8. $90. Winter Wonderland Theatre, Dec. 3. $95; $75, children. Lehigh Valley Yankee Fan Club, Chuck, 484-347-8331.
•Oktoberfest, Split Rock Lodge, Sept. 14. $78. Jimmy Sturr Orchestra, Mt. Airy, Oct. 18. $57. &quot;Christmas Show,&quot; Candlelight Theater, Wilmington, Del., Nov. 30. $95. &quot;Winter Wonderland,&quot; American Theater, Lancaster, Dec. 14. $89. Holy Family Golden Agers, Frank, 610-759-0576.
•Spirit of Philadelphia, lunch cruise and Reading Terminal Market, Aug. 13. $105; $80, ages 3-12. 911 Museum and San Gennaro Festival, Sept. 22. $45. &quot;Fiddler on the Roof,&quot; New York, Oct. 23. $115. Miraculous Medal Shrine Pilgrimage, Philadelphia, Reading Terminal Market, Nov. 3. $45. Christmas in New York, Chelsea Market, Rockefeller Center, Nov. 30. $45. Morning Angels, Camille, 908-387-0001.
•&quot;Rock, Roll &amp; Soul,&quot; Hunterdon Hills, July 21. $78. &quot;Is There Life After 50,&quot; Rainbow Dinner Theatre, Sept. 8. $70.
 Sept. 14. $99. Bill Haley &amp; the Comets, Penn&apos;s Peak, Oct. 12. $71. &quot;Christmas Show,&quot; American Music Theater, Dec. 7. $87. Walnutport Senior Citizens, Dianne, 610-767-5646.
•Botanical Gardens and Little Italy, New York, Sept. 17. $65. Wine Tour, local wineries, Sept. 30. $50. St. Joseph the Worker, Sue, 610-392-2957.
OVERNIGHT TRIPS
•Connecticut and Newport, R.I., Mystic Seaport, Breakers Mansion guided tour, Harbor cruise, more, Sept. 26-29. $532.Glenmoor
•Pittsburgh , Kentuck Knob (Frank Lloyd Wright house), Warhol Museum, Flight 93 National Memorial, more. Oct. 18-20. $475. Allentown Art Museum, Ellie, 610-262-0682.
•Myrtle Beach, shows at Carolina Opry and Palace Theatre, guided tour of historic Charleston, backstage tour of Alalbama Theatre and visit Broadway at the Beach, more, Oct. 2-8. $675. Lehigh Valley Active Life, 610-437-3700.
•Dover, Del ,. Elvis show, dinner buffet, breakfast buffet, Nov. 16-17. $160. St. Elizabeth&apos;s Golden Agers, Charlette, 484-264-7723.
• Pirates -Phillies games, Pittsburgh, three games, free time, July 22-24. $350. Emmanuel United Methodist Church, Jeff, 484-264-6265.
•Chattanooga and Memphis, Oct. 9-16. $1,199. Lower Macungie
•Outer Banks, Sept. 13-16. $530.
•Tropical Costa Rica, San Jose, river cruises, volcano, breakfasts, five dinners, hotel, air, more, Nov. 12-20. $2,499. Cedar Crest College, August Nigro, 610-395-0703.
•Canada &amp; New England Cruise, Halifax, St. John, Bar Harbor, Newport, Sept. 17-24. $857-$1,687. Whitehall AARP 3115, Tim, 610-759-6644.
•Canada &amp; New England Cruise, Newport, Boston, Bar Harbor, St. John, Halifax, Sept. 24-Oct.1. $1,089. St. Jane&apos;s Trips &amp; Tours, Carol, 610-252-4233.
 
</topic_text>
<spam_score>0.00</spam_score>
<post_num>1</post_num>
<post_id>post-1</post_id>
<post_url>http://www.mcall.com/travel/daytrips/mc-trips-0703-20160702-story.html</post_url>
<post_date>20160703</post_date>
<post_time>0004</post_time>
<username>mcall.com</username>
<post>
DAY TRIPPIN&apos;
•Peddler&apos;s Village, Murder Mystery play, Sept. 22. $76.Notre Dame of Bethlehem 55+ Club, Joyce, 610-866-0360.
•Culinary Institute of America , Vanderbilt Mansion and gardens, Hyde Park, N.Y., Sept. 14. $105. Parkland Garden Club, Mary Ann, 518-728-3988.
• Theater, Nov. 26. $110. Pen Argyl Alumni Association, Bill, 610-863-6297.
•&quot;Rock, Roll &amp; Soul,&quot; Hunterdon Hills, Aug. 11. $87. Notre Dame of Bethlehem 55+ Club, Joyce, 610-866-0360.
•&quot;School of Rock,&quot; Broadway, Dec. 4. $200, nonmembers; $150, members. Jewish Community Center, Tracy, 610-435-3571.
 Aug. 12. $99; $64, ages 12 and under. Deadline: July 3. Mountain View Wesleyan Church, Loretta, 610-837-6671.
•&quot;Pertfect Wedding,&quot; Rainbow Dinner Theatre, July 28. $70. &quot;Josiah for President,&quot; Bird in Hand, Aug. 4. $70. Lower Macungie
•Atlantic City Air Show, Aug. 17. $58. Sears Retirees, Dick, 610-434-7750.
•Longwood Gardens and QVC tour, Dec. 3. $104. Salisbury Township, 610-797-4000.
•Intrepid Sea, Air and Space Museum, 911 Memorial Museum, Aug. 27. $89. Lehigh Valley Active Life, 610-437-3700.
 Aug. 10. $99. Rail &amp; Paddle Wheels, train ride and boat ride, Sept. 28. $94. St. Elizabeth&apos;s Golden Agers, Irene, 610-264-3721.
•&quot;Playhouse Christmas,&quot; Hunterdon Hills, Dec. 13. $93. St. Elizabeth&apos;s Golden Agers, Charlette, 484-264-7723.
• Yankees vs. Red Sox , Yankee Stadium, July 16. $95. Phillies vs. Cardinals , Citizens Bank Park, Aug. 20. $65. &quot;Samson,&quot; Sight &amp; Sound, Kettle Kitchen, Aug. 31. $95; $65, ages 12 and under. Emmanuel United Methodist Church, Jeff, 484-264-6265.
•Yankee Games: July 23, Giants ; Aug. 27, Orioles. $90 per game. MLB Hall of Fame, Cooperstown, N.Y., Oct. 8. $90. Winter Wonderland Theatre, Dec. 3. $95; $75, children. Lehigh Valley Yankee Fan Club, Chuck, 484-347-8331.
•Oktoberfest, Split Rock Lodge, Sept. 14. $78. Jimmy Sturr Orchestra, Mt. Airy, Oct. 18. $57. &quot;Christmas Show,&quot; Candlelight Theater, Wilmington, Del., Nov. 30. $95. &quot;Winter Wonderland,&quot; American Theater, Lancaster, Dec. 14. $89. Holy Family Golden Agers, Frank, 610-759-0576.
•Spirit of Philadelphia, lunch cruise and Reading Terminal Market, Aug. 13. $105; $80, ages 3-12. 911 Museum and San Gennaro Festival, Sept. 22. $45. &quot;Fiddler on the Roof,&quot; New York, Oct. 23. $115. Miraculous Medal Shrine Pilgrimage, Philadelphia, Reading Terminal Market, Nov. 3. $45. Christmas in New York, Chelsea Market, Rockefeller Center, Nov. 30. $45. Morning Angels, Camille, 908-387-0001.
•&quot;Rock, Roll &amp; Soul,&quot; Hunterdon Hills, July 21. $78. &quot;Is There Life After 50,&quot; Rainbow Dinner Theatre, Sept. 8. $70.
 Sept. 14. $99. Bill Haley &amp; the Comets, Penn&apos;s Peak, Oct. 12. $71. &quot;Christmas Show,&quot; American Music Theater, Dec. 7. $87. Walnutport Senior Citizens, Dianne, 610-767-5646.
•Botanical Gardens and Little Italy, New York, Sept. 17. $65. Wine Tour, local wineries, Sept. 30. $50. St. Joseph the Worker, Sue, 610-392-2957.
OVERNIGHT TRIPS
•Connecticut and Newport, R.I., Mystic Seaport, Breakers Mansion guided tour, Harbor cruise, more, Sept. 26-29. $532.Glenmoor
•Pittsburgh , Kentuck Knob (Frank Lloyd Wright house), Warhol Museum, Flight 93 National Memorial, more. Oct. 18-20. $475. Allentown Art Museum, Ellie, 610-262-0682.
•Myrtle Beach, shows at Carolina Opry and Palace Theatre, guided tour of historic Charleston, backstage tour of Alalbama Theatre and visit Broadway at the Beach, more, Oct. 2-8. $675. Lehigh Valley Active Life, 610-437-3700.
•Dover, Del ,. Elvis show, dinner buffet, breakfast buffet, Nov. 16-17. $160. St. Elizabeth&apos;s Golden Agers, Charlette, 484-264-7723.
• Pirates -Phillies games, Pittsburgh, three games, free time, July 22-24. $350. Emmanuel United Methodist Church, Jeff, 484-264-6265.
•Chattanooga and Memphis, Oct. 9-16. $1,199. Lower Macungie
•Outer Banks, Sept. 13-16. $530.
•Tropical Costa Rica, San Jose, river cruises, volcano, breakfasts, five dinners, hotel, air, more, Nov. 12-20. $2,499. Cedar Crest College, August Nigro, 610-395-0703.
•Canada &amp; New England Cruise, Halifax, St. John, Bar Harbor, Newport, Sept. 17-24. $857-$1,687. Whitehall AARP 3115, Tim, 610-759-6644.
•Canada &amp; New England Cruise, Newport, Boston, Bar Harbor, St. John, Halifax, Sept. 24-Oct.1. $1,089. St. Jane&apos;s Trips &amp; Tours, Carol, 610-252-4233.
 
</post>
<signature>

</signature>
<external_links>

</external_links>
<country>US</country>
<main_image>http://www.trbimg.com/img-5778937a/turbine/mc-trips-0703-20160702</main_image>
</document>
