<?xml version="1.0" encoding="UTF-8"?>
<document>
<type>mainstream</type>
<forum>http://www.sports.fr/fr/cmc/rss.xml</forum>
<forum_title>Sports.fr</forum_title>
<discussion_title>Victoire de prestige pour Frank</discussion_title>
<language>french</language>
<gmt_offset></gmt_offset>
<topic_url>http://www.sports.fr/cyclisme/tour-d-espagne/articles/victoire-de-prestige-pour-frank-1592947/</topic_url>
<topic_text>
Victoire de prestige pour Frank Tweeter 7 septembre 2016 à 17h47 Mis Ă jour le 7 septembre 2016 à 18h21 
Futur coureur de l&apos;ĂŠquipe AG2R-La Mondiale suite Ă la disparition annoncĂŠe de la formation IAM Cycling, Matthias Frank s&apos;est offert un magnifique succĂ¨s mercredi en remportant la 17e ĂŠtape de la Vuelta, qui s&apos;est jouĂŠe au sommet de l&apos;Alto Mas de la Costa, une ascension courte (4 km), mais particuliĂ¨rement difficile (13% de moyenne avec un passage Ă 22%).Â 
EchappĂŠ en compagnie de l&apos;Italien Dario Cataldo ( Astana ), le grimpeur suisse a su rĂŠsister au retour du TchĂ¨que Leopold KĂśnig ( Sky ) et du NĂŠerlandais Robert Gesink (LottoNL-Jumbo), arrivĂŠs avec six et onze secondes de retard. Le FranĂ§ais Axel Domont (AG2R-La Mondiale) a pris une belle 7e place (+48&apos;&apos;).Â 
S&apos;il a perdu quelques mĂ¨tres dans la montĂŠe, Chris Froome, deuxiĂ¨me du classement gĂŠnĂŠral Ă 3&apos;37&apos;&apos; de Nairo Quintana, a finalement terminĂŠ en compagnie du Colombien, tout comme Esteban Chaves et Alberto Contador , 3e et 4e du gĂŠnĂŠral Ă 3&apos;57&apos;&apos; et 4&apos;02&apos;&apos;.Â Tweeter
</topic_text>
<spam_score>0.00</spam_score>
<post_num>1</post_num>
<post_id>post-1</post_id>
<post_url>http://www.sports.fr/cyclisme/tour-d-espagne/articles/victoire-de-prestige-pour-frank-1592947/</post_url>
<post_date>20160907</post_date>
<post_time>1547</post_time>
<username></username>
<post>
Victoire de prestige pour Frank Tweeter 7 septembre 2016 à 17h47 Mis Ă jour le 7 septembre 2016 à 18h21 
Futur coureur de l&apos;ĂŠquipe AG2R-La Mondiale suite Ă la disparition annoncĂŠe de la formation IAM Cycling, Matthias Frank s&apos;est offert un magnifique succĂ¨s mercredi en remportant la 17e ĂŠtape de la Vuelta, qui s&apos;est jouĂŠe au sommet de l&apos;Alto Mas de la Costa, une ascension courte (4 km), mais particuliĂ¨rement difficile (13% de moyenne avec un passage Ă 22%).Â 
EchappĂŠ en compagnie de l&apos;Italien Dario Cataldo ( Astana ), le grimpeur suisse a su rĂŠsister au retour du TchĂ¨que Leopold KĂśnig ( Sky ) et du NĂŠerlandais Robert Gesink (LottoNL-Jumbo), arrivĂŠs avec six et onze secondes de retard. Le FranĂ§ais Axel Domont (AG2R-La Mondiale) a pris une belle 7e place (+48&apos;&apos;).Â 
S&apos;il a perdu quelques mĂ¨tres dans la montĂŠe, Chris Froome, deuxiĂ¨me du classement gĂŠnĂŠral Ă 3&apos;37&apos;&apos; de Nairo Quintana, a finalement terminĂŠ en compagnie du Colombien, tout comme Esteban Chaves et Alberto Contador , 3e et 4e du gĂŠnĂŠral Ă 3&apos;57&apos;&apos; et 4&apos;02&apos;&apos;.Â Tweeter
</post>
<signature>

</signature>
<external_links>

</external_links>
<country>FR</country>
<main_image>http://cdn.sports.fr/images/media/cyclisme/articles/mathias-frank-chez-ag2r/mathias-frank/18536259-1-fre-FR/Mathias-Frank.jpg</main_image>
</document>
