<?xml version="1.0" encoding="UTF-8"?>
<document>
<type>mainstream</type>
<forum>http://www.cnbc.com/id/100727362/device/rss/rss.html</forum>
<forum_title>World News &amp;amp; Analysis</forum_title>
<discussion_title>Air China magazine warns London visitors to avoid ethnic minority areas</discussion_title>
<language>english</language>
<gmt_offset></gmt_offset>
<topic_url>http://www.cnbc.com/2016/09/07/air-chinas-safety-tips-for-london-visitors-may-raise-eyebrows.html</topic_url>
<topic_text>
show chapters 
Air China safety tips spark fury
In its inflight magazine, the Chinese carrier offers unsettling warnings for travelers visiting London.
Air China safety tips spark fury      10 Hours Ago | 00:43 Even for China, where companies have struggled with race issues in their marketing previously, the latest inflight magazine from the country&apos;s flagship airline will likely come as a shocker.
Air China &apos;s Wings of China carries a long feature on visiting London, with almost a third of the magazine dedicated to tourist attractions in Britain&apos;s capital and other famous towns such as Oxford. The main article, titled &quot;London the city of &apos;hat tricks&apos;,&quot; covers Brits&apos; apparent fondness for all kinds of hats.
Then, after a section on transport options and lifestyle and cultural activities in London, Wings of China offers some &quot;Tips from Air China.&quot;
&quot;London is generally a safe place to travel, however precautions are needed when entering areas mainly populated by Indians,Pakistanis and black people,&quot; China&apos;s flagship carrier advises. &quot;We advise tourists not to go out alone at night, and females always to be accompanied by another person when traveling.&quot;
Haze Fan | CNBC &quot;Tips from Air China&quot; on safety when visiting London The advice is at odds with the London promoted by its Mayor Sadiq Khan, a Brit with Pakistani parents, who in July launched a #LondonisOpen campaign and frequently blogs about his favorite places to eat and drink in his South London Indian-Pakistani neighborhood of Tooting.
Meanwhile, Britain is an increasingly popular destination for Chinese tourists. According to government agency VisitBritain, more than 270,000 Chinese visited Britain in 2015, up 46 percent on the previous year. This was after the number of Chinese tourists doubled in the five years to 2014. Chinese visitors spent 586 million pounds ($786 million) in total in Britain in 2015, up 18 percent on 2014. 
And in January, Britain launched a new, two-year, multiple-entry visa in a bid to woo even more Chinese visitors to its shores, following changes made in 2015 that allowed tourists and business travelers to apply for both British and European visas in a single process.
Chinese companies have been criticized previously for their depictions of various races. In May, a Chinese laundry detergent-maker apologized for an advertisement that showed an Asian woman shoving a dirt-smeared black man into a washing machine, only for him to emerge as a clean Asian man.
Some Western media called the ad, which ran on Chinese social media platforms, &quot;the most racist commercial ever.&quot;
Air China did not respond to CNBC&apos;s request for comment on its London safety tips.
Follow CNBC International on Twitter and Facebook .
</topic_text>
<spam_score>0.00</spam_score>
<post_num>9</post_num>
<post_id>post-9</post_id>
<post_url>http://www.cnbc.com/2016/09/07/air-chinas-safety-tips-for-london-visitors-may-raise-eyebrows.html</post_url>
<post_date>20160907</post_date>
<post_time>1104</post_time>
<username>michealvernon</username>
<post>
Compared to Westerners , the Chinese are decades behind in their acceptance of people of color.
</post>
<signature>

</signature>
<external_links>

</external_links>
<country>US</country>
<main_image>https://fm.cnbc.com/applications/cnbc.com/resources/img/editorial/2016/09/07/103919841-AirChina.1910x1000.jpg</main_image>
</document>
