<?xml version="1.0" encoding="UTF-8"?>
<document>
<type>mainstream</type>
<forum>http://www.tuttosport.com/calcio/calcio-estero/</forum>
<forum_title>Calcio | News e Risultati dei Campionati Esteri - TuttoSport</forum_title>
<discussion_title>La Juventus pensa al futuro: un Dybala tira l&apos;altro</discussion_title>
<language>italian</language>
<gmt_offset></gmt_offset>
<topic_url>http://www.tuttosport.com/news/calcio/serie-a/juventus/2016/09/07-15121030/la_juventus_pensa_al_futuro_un_dybala_tira_laltro/</topic_url>
<topic_text>
TORINO - (...) La Juventus pianifica il futuro con i giovani, alcuni già al top. Come Paulo Dybala , appetito dalle ricche corazzate d’Europa, Barcellona in testa. Per la Joya è pronto un contratto nuovo di zecca a cifre adeguate allo straordinario valore dell’attaccante e in linea con quanto percepito dai big bianconeri. Non è soltanto un modo per allontanare “i predatori”, ma è anche un attestato concreto: Dybala è una delle stelle della formazione di Allegri e i vertici juventini, anche attraverso l’operazione rinnovo, chiariscono la volontà di costruire la squadra attorno all’argentino.
OPERAZIONE RINNOVI
FUORI LA GRINTA - Attorno alla Joya, “altri Dybala” crescono. Anzi, si apprestano ad apporre le firme sui rinnovi contrattuali. Il domani bianconero passa anche dal blindare giocatori di grande valore nel presente, ma dal futuro ancora più luminoso. Quindi non deve stupire la mossa della dirigenza: in arrivo ci sono i prolungamenti di Mario Lemina, Stefano Sturaro e Daniele Rugani.
Leggi l&apos;articolo completo su Tuttosport
Tags: Juventus , Dybala , Lemina , Rugani , Sturaro
Tutte le notizie di Juventus
</topic_text>
<spam_score>0.00</spam_score>
<post_num>9</post_num>
<post_id>post-9</post_id>
<post_url>http://www.tuttosport.com/news/calcio/serie-a/juventus/2016/09/07-15121030/la_juventus_pensa_al_futuro_un_dybala_tira_laltro/</post_url>
<post_date>20160907</post_date>
<post_time></post_time>
<username>ClaudioP</username>
<post>
beh, Davide, dire che Pogba fosse in prestito quando la Juve dopo &amp;quot;averlo avuto ai suoi ordini per 4 anni&amp;quot; e dopo averlo venduto alle cifre che tutti conosciamo mi sembra esagerato. Qualcuno si lamenta di Raiola ma anche noi dovremmo fare a lui un monumento per averlo portato a Torino. Tutto il resto sono pensieri ma questi sono fatti. Poi su Dybala non discuto....]]&gt;
</post>
<signature>

</signature>
<external_links>

</external_links>
<country>IT</country>
<main_image>http://cdn.tuttosport.com/images/2016/08/29/213108322-e4609258-4174-4882-9f0d-d2912b2adf3c.png</main_image>
</document>
