<?xml version="1.0" encoding="UTF-8"?>
<document>
<type>mainstream</type>
<forum>http://www.piata-az.ro/feed</forum>
<forum_title>Piata A-Z</forum_title>
<discussion_title>Firma de curatenie !!!</discussion_title>
<language>romanian</language>
<gmt_offset></gmt_offset>
<topic_url>http://www.piata-az.ro/anunturi/oras-cluj-napoca/6921255</topic_url>
<topic_text>
raporteaza abuz Crystal Professional Services Firma noastra executa servicii de curatenie generala, de intretinere, dupa constructor, scari de bloc, sali de sport , sedii de firme, showroom-uri si banci cu personal calificat si aparatura profesionala.Oferim pentru serviciile noastre de curatenie promptitudine, seriozitate, calitate, discretie si preturi accesibile tuturor. Operam in Cluj si imprejurimi. Tel 0725896221. DETALII ANUNT
</topic_text>
<spam_score>0.00</spam_score>
<post_num>1</post_num>
<post_id>post-1</post_id>
<post_url>http://www.piata-az.ro/anunturi/oras-cluj-napoca/6921255</post_url>
<post_date>20160907</post_date>
<post_time>2138</post_time>
<username></username>
<post>
raporteaza abuz Crystal Professional Services Firma noastra executa servicii de curatenie generala, de intretinere, dupa constructor, scari de bloc, sali de sport , sedii de firme, showroom-uri si banci cu personal calificat si aparatura profesionala.Oferim pentru serviciile noastre de curatenie promptitudine, seriozitate, calitate, discretie si preturi accesibile tuturor. Operam in Cluj si imprejurimi. Tel 0725896221. DETALII ANUNT
</post>
<signature>

</signature>
<external_links>

</external_links>
<country>RO</country>
<main_image>http://images4.piata-az.ro/resized/33648794/1200_1200_preserve.jpg</main_image>
</document>
