<?xml version="1.0" encoding="UTF-8"?>
<document>
<type>mainstream</type>
<forum>http://classifieds.castanet.net/external.php?type=RSS2</forum>
<forum_title>Castanet Classifieds</forum_title>
<discussion_title>RCA 32” LED TV</discussion_title>
<language>english</language>
<gmt_offset></gmt_offset>
<topic_url>http://classifieds.castanet.net/details/rca_32_led_tv/2803713/</topic_url>
<topic_text>
RCA 32” LED TV $134.95 Great for use in dorm rooms, bedrooms, home offices, or anywhere you need a high definition display, this television is a versatile choice that offers a rich, vivid picture. There are 2 HDMI ports, and an optional headphone jack making it perfect to connect to your PC or favorite gaming console. Fantastic TV for a great price. Size: 32” Resolution: 720p, 1366 x 768 Screen Type: LED Refresh Rate: 60Hz Refresh rate, and 8ms Response time Extra Features: Sleep Timer, and Noise Reduction Inputs: HDMI x 2, VGA, AV Audio/Video, and USB Outputs: Headphone Audio Output! SKU:110079-1 Check out our website at www.premierpawn.com for a much larger selection of our inventory. And to see it all, come in and see our store, just off Springfield behind Cloverdale Paints. You never know what you&apos;ll find! Feel confident buying from Premier, we offer a 30 day warranty on most items, some exceptions do apply. **Please note, photos are vendor supplied. For pictures of the actual items e-mail us and we would be happy to take photos for you.** **Please note, Premier does not offer a warranty on sale priced items, however staff would be happy to demonstrate the item before you buy.** Contact Seller
</topic_text>
<spam_score>0.00</spam_score>
<post_num>1</post_num>
<post_id>post-1</post_id>
<post_url>http://classifieds.castanet.net/details/rca_32_led_tv/2803713/</post_url>
<post_date>20160907</post_date>
<post_time>2148</post_time>
<username>74425</username>
<post>
RCA 32” LED TV $134.95 Great for use in dorm rooms, bedrooms, home offices, or anywhere you need a high definition display, this television is a versatile choice that offers a rich, vivid picture. There are 2 HDMI ports, and an optional headphone jack making it perfect to connect to your PC or favorite gaming console. Fantastic TV for a great price. Size: 32” Resolution: 720p, 1366 x 768 Screen Type: LED Refresh Rate: 60Hz Refresh rate, and 8ms Response time Extra Features: Sleep Timer, and Noise Reduction Inputs: HDMI x 2, VGA, AV Audio/Video, and USB Outputs: Headphone Audio Output! SKU:110079-1 Check out our website at www.premierpawn.com for a much larger selection of our inventory. And to see it all, come in and see our store, just off Springfield behind Cloverdale Paints. You never know what you&apos;ll find! Feel confident buying from Premier, we offer a 30 day warranty on most items, some exceptions do apply. **Please note, photos are vendor supplied. For pictures of the actual items e-mail us and we would be happy to take photos for you.** **Please note, Premier does not offer a warranty on sale priced items, however staff would be happy to demonstrate the item before you buy.** Contact Seller
</post>
<signature>

</signature>
<external_links>

</external_links>
<country>US</country>
<main_image>http://c.castanet.net/img/414/large/2803713-1-1.jpg</main_image>
</document>
